vial_id,temperature,diet,sex,rep,ind,lifespan,status
1,21,0.4,male,1,1,56,1
1,21,0.4,male,1,2,63,1
1,21,0.4,male,1,3,63,1
1,21,0.4,male,1,4,66,1
1,21,0.4,male,1,5,84,1
1,21,0.4,male,1,6,87,1
1,21,0.4,male,1,7,94,1
1,21,0.4,male,1,8,101,1
1,21,0.4,male,1,9,101,1
1,21,0.4,male,1,10,101,1
2,21,0.4,male,2,1,24,1
2,21,0.4,male,2,2,24,1
2,21,0.4,male,2,3,56,1
2,21,0.4,male,2,4,66,1
2,21,0.4,male,2,5,66,1
2,21,0.4,male,2,6,68,1
2,21,0.4,male,2,7,70,1
2,21,0.4,male,2,8,73,1
2,21,0.4,male,2,9,82,1
2,21,0.4,male,2,10,117,1
3,21,0.4,male,3,1,56,1
3,21,0.4,male,3,2,63,1
3,21,0.4,male,3,3,77,1
3,21,0.4,male,3,4,82,1
3,21,0.4,male,3,5,84,1
3,21,0.4,male,3,6,94,1
3,21,0.4,male,3,7,101,1
3,21,0.4,male,3,8,101,1
3,21,0.4,male,3,9,105,1
3,21,0.4,male,3,10,108,1
4,21,0.4,male,4,1,12,1
4,21,0.4,male,4,2,26,1
4,21,0.4,male,4,3,54,1
4,21,0.4,male,4,4,59,1
4,21,0.4,male,4,5,59,1
4,21,0.4,male,4,6,75,1
4,21,0.4,male,4,7,82,1
4,21,0.4,male,4,8,103,1
4,21,0.4,male,4,9,108,1
4,21,0.4,male,4,10,129,1
5,21,0.4,male,5,1,59,1
5,21,0.4,male,5,2,61,1
5,21,0.4,male,5,3,73,1
5,21,0.4,male,5,4,80,1
5,21,0.4,male,5,5,82,1
5,21,0.4,male,5,6,87,1
5,21,0.4,male,5,7,94,1
5,21,0.4,male,5,8,94,1
5,21,0.4,male,5,9,108,1
5,21,0.4,male,5,10,119,1
6,21,0.4,male,6,1,47,1
6,21,0.4,male,6,2,49,1
6,21,0.4,male,6,3,59,1
6,21,0.4,male,6,4,59,1
6,21,0.4,male,6,5,66,1
6,21,0.4,male,6,6,75,1
6,21,0.4,male,6,7,87,1
6,21,0.4,male,6,8,108,1
6,21,0.4,male,6,9,110,1
6,21,0.4,male,6,10,133,1
7,21,0.4,male,7,1,75,1
7,21,0.4,male,7,2,75,1
7,21,0.4,male,7,3,75,1
7,21,0.4,male,7,4,87,1
7,21,0.4,male,7,5,94,1
7,21,0.4,male,7,6,98,1
7,21,0.4,male,7,7,101,1
7,21,0.4,male,7,8,101,1
7,21,0.4,male,7,9,110,1
7,21,0.4,male,7,10,112,1
8,21,0.4,male,8,1,45,1
8,21,0.4,male,8,2,52,1
8,21,0.4,male,8,3,59,1
8,21,0.4,male,8,4,68,1
8,21,0.4,male,8,5,73,1
8,21,0.4,male,8,6,75,1
8,21,0.4,male,8,7,75,1
8,21,0.4,male,8,8,82,1
8,21,0.4,male,8,9,94,1
8,21,0.4,male,8,10,105,1
9,21,0.4,male,9,1,47,1
9,21,0.4,male,9,2,59,1
9,21,0.4,male,9,3,61,1
9,21,0.4,male,9,4,63,1
9,21,0.4,male,9,5,63,1
9,21,0.4,male,9,6,68,1
9,21,0.4,male,9,7,68,1
9,21,0.4,male,9,8,70,1
9,21,0.4,male,9,9,73,1
9,21,0.4,male,9,10,98,1
10,21,0.4,male,10,1,24,1
10,21,0.4,male,10,2,47,1
10,21,0.4,male,10,3,61,1
10,21,0.4,male,10,4,61,1
10,21,0.4,male,10,5,80,1
10,21,0.4,male,10,6,80,1
10,21,0.4,male,10,7,89,1
10,21,0.4,male,10,8,96,1
10,21,0.4,male,10,9,101,1
10,21,0.4,male,10,10,108,1
11,21,0.4,female,1,1,24,1
11,21,0.4,female,1,2,26,1
11,21,0.4,female,1,3,26,1
11,21,0.4,female,1,4,26,1
11,21,0.4,female,1,5,38,1
11,21,0.4,female,1,6,38,1
11,21,0.4,female,1,7,38,1
11,21,0.4,female,1,8,101,1
11,21,0.4,female,1,9,101,1
11,21,0.4,female,1,10,105,1
12,21,0.4,female,2,1,24,1
12,21,0.4,female,2,2,24,1
12,21,0.4,female,2,3,31,1
12,21,0.4,female,2,4,31,1
12,21,0.4,female,2,5,35,1
12,21,0.4,female,2,6,40,1
12,21,0.4,female,2,7,54,1
12,21,0.4,female,2,8,87,1
12,21,0.4,female,2,9,89,1
12,21,0.4,female,2,10,103,1
13,21,0.4,female,3,1,21,1
13,21,0.4,female,3,2,31,1
13,21,0.4,female,3,3,40,1
13,21,0.4,female,3,4,73,1
13,21,0.4,female,3,5,82,1
13,21,0.4,female,3,6,98,1
13,21,0.4,female,3,7,101,1
13,21,0.4,female,3,8,103,1
13,21,0.4,female,3,9,126,1
13,21,0.4,female,3,10,126,1
14,21,0.4,female,4,1,19,1
14,21,0.4,female,4,2,19,1
14,21,0.4,female,4,3,21,1
14,21,0.4,female,4,4,26,1
14,21,0.4,female,4,5,26,1
14,21,0.4,female,4,6,26,1
14,21,0.4,female,4,7,31,1
14,21,0.4,female,4,8,33,1
14,21,0.4,female,4,9,40,1
14,21,0.4,female,4,10,122,1
15,21,0.4,female,5,1,28,1
15,21,0.4,female,5,2,31,1
15,21,0.4,female,5,3,35,1
15,21,0.4,female,5,4,38,1
15,21,0.4,female,5,5,40,1
15,21,0.4,female,5,6,42,1
15,21,0.4,female,5,7,47,1
15,21,0.4,female,5,8,47,1
15,21,0.4,female,5,9,129,1
15,21,0.4,female,5,10,131,1
16,21,0.4,female,6,1,28,1
16,21,0.4,female,6,2,31,1
16,21,0.4,female,6,3,31,1
16,21,0.4,female,6,4,31,1
16,21,0.4,female,6,5,33,1
16,21,0.4,female,6,6,33,1
16,21,0.4,female,6,7,38,1
16,21,0.4,female,6,8,52,1
16,21,0.4,female,6,9,119,1
16,21,0.4,female,6,10,126,1
17,21,0.4,female,7,1,21,1
17,21,0.4,female,7,2,24,1
17,21,0.4,female,7,3,26,1
17,21,0.4,female,7,4,33,1
17,21,0.4,female,7,5,28,1
17,21,0.4,female,7,6,35,1
17,21,0.4,female,7,7,35,1
17,21,0.4,female,7,8,42,1
17,21,0.4,female,7,9,47,1
17,21,0.4,female,7,10,122,1
18,21,0.4,female,8,1,24,1
18,21,0.4,female,8,2,24,1
18,21,0.4,female,8,3,28,1
18,21,0.4,female,8,4,33,1
18,21,0.4,female,8,5,33,1
18,21,0.4,female,8,6,35,1
18,21,0.4,female,8,7,35,1
18,21,0.4,female,8,8,45,1
18,21,0.4,female,8,9,87,1
18,21,0.4,female,8,10,98,1
19,21,0.4,female,9,1,19,1
19,21,0.4,female,9,2,24,1
19,21,0.4,female,9,3,24,1
19,21,0.4,female,9,4,28,1
19,21,0.4,female,9,5,38,1
19,21,0.4,female,9,6,42,1
19,21,0.4,female,9,7,52,1
19,21,0.4,female,9,8,59,1
19,21,0.4,female,9,9,87,1
19,21,0.4,female,9,10,133,1
20,21,0.4,female,10,1,21,1
20,21,0.4,female,10,2,26,1
20,21,0.4,female,10,3,31,1
20,21,0.4,female,10,4,33,1
20,21,0.4,female,10,5,38,1
20,21,0.4,female,10,6,38,1
20,21,0.4,female,10,7,105,1
20,21,0.4,female,10,8,122,1
20,21,0.4,female,10,9,124,1
20,21,0.4,female,10,10,136,1
21,21,1,male,1,1,61,1
21,21,1,male,1,2,61,1
21,21,1,male,1,3,63,1
21,21,1,male,1,4,63,1
21,21,1,male,1,5,68,1
21,21,1,male,1,6,80,1
21,21,1,male,1,7,84,1
21,21,1,male,1,8,91,1
21,21,1,male,1,9,94,1
21,21,1,male,1,10,94,1
22,21,1,male,2,1,54,1
22,21,1,male,2,2,66,1
22,21,1,male,2,3,68,1
22,21,1,male,2,4,68,1
22,21,1,male,2,5,73,1
22,21,1,male,2,6,73,1
22,21,1,male,2,7,77,1
22,21,1,male,2,8,80,1
22,21,1,male,2,9,87,1
22,21,1,male,2,10,94,1
23,21,1,male,3,1,14,1
23,21,1,male,3,2,56,1
23,21,1,male,3,3,61,1
23,21,1,male,3,4,63,1
23,21,1,male,3,5,63,1
23,21,1,male,3,6,66,1
23,21,1,male,3,7,68,1
23,21,1,male,3,8,77,1
23,21,1,male,3,9,80,1
23,21,1,male,3,10,89,1
24,21,1,male,4,1,45,1
24,21,1,male,4,2,49,1
24,21,1,male,4,3,52,1
24,21,1,male,4,4,59,1
24,21,1,male,4,5,59,1
24,21,1,male,4,6,66,1
24,21,1,male,4,7,70,1
24,21,1,male,4,8,73,1
24,21,1,male,4,9,84,1
24,21,1,male,4,10,108,1
25,21,1,male,5,1,54,1
25,21,1,male,5,2,54,1
25,21,1,male,5,3,54,1
25,21,1,male,5,4,63,1
25,21,1,male,5,5,68,1
25,21,1,male,5,6,84,1
25,21,1,male,5,7,87,1
25,21,1,male,5,8,94,1
25,21,1,male,5,9,108,1
25,21,1,male,5,10,110,1
26,21,1,male,6,1,54,1
26,21,1,male,6,2,56,1
26,21,1,male,6,3,63,1
26,21,1,male,6,4,63,1
26,21,1,male,6,5,68,1
26,21,1,male,6,6,80,1
26,21,1,male,6,7,84,1
26,21,1,male,6,8,89,1
26,21,1,male,6,9,96,1
26,21,1,male,6,10,110,1
27,21,1,male,7,1,56,1
27,21,1,male,7,2,61,1
27,21,1,male,7,3,66,1
27,21,1,male,7,4,68,1
27,21,1,male,7,5,84,1
27,21,1,male,7,6,94,1
27,21,1,male,7,7,103,1
27,21,1,male,7,8,105,1
27,21,1,male,7,9,110,1
27,21,1,male,7,10,117,1
28,21,1,male,8,1,40,1
28,21,1,male,8,2,45,1
28,21,1,male,8,3,52,1
28,21,1,male,8,4,63,1
28,21,1,male,8,5,68,1
28,21,1,male,8,6,80,1
28,21,1,male,8,7,84,1
28,21,1,male,8,8,94,1
28,21,1,male,8,9,94,1
28,21,1,male,8,10,115,1
29,21,1,male,9,1,35,1
29,21,1,male,9,2,59,1
29,21,1,male,9,3,59,1
29,21,1,male,9,4,63,1
29,21,1,male,9,5,63,1
29,21,1,male,9,6,68,1
29,21,1,male,9,7,68,1
29,21,1,male,9,8,80,1
29,21,1,male,9,9,80,1
29,21,1,male,9,10,91,1
30,21,1,male,10,1,28,1
30,21,1,male,10,2,56,1
30,21,1,male,10,3,56,1
30,21,1,male,10,4,68,1
30,21,1,male,10,5,68,1
30,21,1,male,10,6,77,1
30,21,1,male,10,7,87,1
30,21,1,male,10,8,94,1
30,21,1,male,10,9,94,1
30,21,1,male,10,10,126,1
31,21,1,female,1,1,80,1
31,21,1,female,1,2,84,1
31,21,1,female,1,3,119,1
31,21,1,female,1,4,124,1
31,21,1,female,1,5,126,1
31,21,1,female,1,6,126,1
31,21,1,female,1,7,126,1
31,21,1,female,1,8,131,1
31,21,1,female,1,9,133,1
31,21,1,female,1,10,146,1
32,21,1,female,2,1,96,1
32,21,1,female,2,2,98,1
32,21,1,female,2,3,122,1
32,21,1,female,2,4,124,1
32,21,1,female,2,5,126,1
32,21,1,female,2,6,129,1
32,21,1,female,2,7,129,1
32,21,1,female,2,8,131,1
32,21,1,female,2,9,136,1
32,21,1,female,2,10,143,1
33,21,1,female,3,1,115,1
33,21,1,female,3,2,115,1
33,21,1,female,3,3,122,1
33,21,1,female,3,4,124,1
33,21,1,female,3,5,126,1
33,21,1,female,3,6,126,1
33,21,1,female,3,7,129,1
33,21,1,female,3,8,131,1
33,21,1,female,3,9,131,1
33,21,1,female,3,10,131,1
34,21,1,female,4,1,77,1
34,21,1,female,4,2,87,1
34,21,1,female,4,3,98,1
34,21,1,female,4,4,105,1
34,21,1,female,4,5,122,1
34,21,1,female,4,6,126,1
34,21,1,female,4,7,126,1
34,21,1,female,4,8,129,1
34,21,1,female,4,9,131,1
34,21,1,female,4,10,138,1
35,21,1,female,5,1,17,1
35,21,1,female,5,2,103,1
35,21,1,female,5,3,112,1
35,21,1,female,5,4,119,1
35,21,1,female,5,5,126,1
35,21,1,female,5,6,129,1
35,21,1,female,5,7,129,1
35,21,1,female,5,8,131,1
35,21,1,female,5,9,136,1
35,21,1,female,5,10,136,1
36,21,1,female,6,1,77,1
36,21,1,female,6,2,103,1
36,21,1,female,6,3,124,1
36,21,1,female,6,4,126,1
36,21,1,female,6,5,126,1
36,21,1,female,6,6,131,1
36,21,1,female,6,7,136,1
36,21,1,female,6,8,138,1
36,21,1,female,6,9,140,1
36,21,1,female,6,10,140,1
37,21,1,female,7,1,28,1
37,21,1,female,7,2,103,1
37,21,1,female,7,3,110,1
37,21,1,female,7,4,124,1
37,21,1,female,7,5,126,1
37,21,1,female,7,6,129,1
37,21,1,female,7,7,129,1
37,21,1,female,7,8,138,1
37,21,1,female,7,9,138,1
37,21,1,female,7,10,143,1
38,21,1,female,8,1,31,1
38,21,1,female,8,2,108,1
38,21,1,female,8,3,112,1
38,21,1,female,8,4,119,1
38,21,1,female,8,5,122,1
38,21,1,female,8,6,124,1
38,21,1,female,8,7,126,1
38,21,1,female,8,8,126,1
38,21,1,female,8,9,129,1
38,21,1,female,8,10,143,1
39,21,1,female,9,1,101,1
39,21,1,female,9,2,105,1
39,21,1,female,9,3,115,1
39,21,1,female,9,4,122,1
39,21,1,female,9,5,126,1
39,21,1,female,9,6,126,1
39,21,1,female,9,7,129,1
39,21,1,female,9,8,129,1
39,21,1,female,9,9,136,1
39,21,1,female,9,10,146,1
40,21,1,female,10,1,84,1
40,21,1,female,10,2,91,1
40,21,1,female,10,3,108,1
40,21,1,female,10,4,112,1
40,21,1,female,10,5,126,1
40,21,1,female,10,6,126,1
40,21,1,female,10,7,131,1
40,21,1,female,10,8,131,1
40,21,1,female,10,9,136,1
40,21,1,female,10,10,146,1
41,21,1.5,male,1,1,63,1
41,21,1.5,male,1,2,63,1
41,21,1.5,male,1,3,70,1
41,21,1.5,male,1,4,70,1
41,21,1.5,male,1,5,75,1
41,21,1.5,male,1,6,82,1
41,21,1.5,male,1,7,89,1
41,21,1.5,male,1,8,94,1
41,21,1.5,male,1,9,98,1
41,21,1.5,male,1,10,112,1
42,21,1.5,male,2,1,49,1
42,21,1.5,male,2,2,66,1
42,21,1.5,male,2,3,75,1
42,21,1.5,male,2,4,82,1
42,21,1.5,male,2,5,84,1
42,21,1.5,male,2,6,87,1
42,21,1.5,male,2,7,94,1
42,21,1.5,male,2,8,94,1
42,21,1.5,male,2,9,112,1
42,21,1.5,male,2,10,115,1
43,21,1.5,male,3,1,49,1
43,21,1.5,male,3,2,56,1
43,21,1.5,male,3,3,63,1
43,21,1.5,male,3,4,66,1
43,21,1.5,male,3,5,82,1
43,21,1.5,male,3,6,89,1
43,21,1.5,male,3,7,94,1
43,21,1.5,male,3,8,94,1
43,21,1.5,male,3,9,94,1
43,21,1.5,male,3,10,101,1
44,21,1.5,male,4,1,49,1
44,21,1.5,male,4,2,54,1
44,21,1.5,male,4,3,54,1
44,21,1.5,male,4,4,59,1
44,21,1.5,male,4,5,73,1
44,21,1.5,male,4,6,75,1
44,21,1.5,male,4,7,82,1
44,21,1.5,male,4,8,84,1
44,21,1.5,male,4,9,87,1
44,21,1.5,male,4,10,98,1
45,21,1.5,male,5,1,38,1
45,21,1.5,male,5,2,49,1
45,21,1.5,male,5,3,49,1
45,21,1.5,male,5,4,80,1
45,21,1.5,male,5,5,87,1
45,21,1.5,male,5,6,87,1
45,21,1.5,male,5,7,94,1
45,21,1.5,male,5,8,110,1
45,21,1.5,male,5,9,122,1
45,21,1.5,male,5,10,129,1
46,21,1.5,male,6,1,66,1
46,21,1.5,male,6,2,70,1
46,21,1.5,male,6,3,73,1
46,21,1.5,male,6,4,73,1
46,21,1.5,male,6,5,82,1
46,21,1.5,male,6,6,87,1
46,21,1.5,male,6,7,87,1
46,21,1.5,male,6,8,87,1
46,21,1.5,male,6,9,77,1
46,21,1.5,male,6,10,94,1
47,21,1.5,male,7,1,56,1
47,21,1.5,male,7,2,59,1
47,21,1.5,male,7,3,66,1
47,21,1.5,male,7,4,66,1
47,21,1.5,male,7,5,68,1
47,21,1.5,male,7,6,77,1
47,21,1.5,male,7,7,84,1
47,21,1.5,male,7,8,96,1
47,21,1.5,male,7,9,101,1
47,21,1.5,male,7,10,122,1
48,21,1.5,male,8,1,54,1
48,21,1.5,male,8,2,56,1
48,21,1.5,male,8,3,59,1
48,21,1.5,male,8,4,61,1
48,21,1.5,male,8,5,63,1
48,21,1.5,male,8,6,63,1
48,21,1.5,male,8,7,63,1
48,21,1.5,male,8,8,73,1
48,21,1.5,male,8,9,87,1
48,21,1.5,male,8,10,89,1
49,21,1.5,male,9,1,47,1
49,21,1.5,male,9,2,52,1
49,21,1.5,male,9,3,56,1
49,21,1.5,male,9,4,56,1
49,21,1.5,male,9,5,68,1
49,21,1.5,male,9,6,70,1
49,21,1.5,male,9,7,73,1
49,21,1.5,male,9,8,77,1
49,21,1.5,male,9,9,94,1
49,21,1.5,male,9,10,105,1
50,21,1.5,male,10,1,56,1
50,21,1.5,male,10,2,63,1
50,21,1.5,male,10,3,68,1
50,21,1.5,male,10,4,73,1
50,21,1.5,male,10,5,75,1
50,21,1.5,male,10,6,84,1
50,21,1.5,male,10,7,87,1
50,21,1.5,male,10,8,87,1
50,21,1.5,male,10,9,87,1
50,21,1.5,male,10,10,101,1
51,21,1.5,female,1,1,101,1
51,21,1.5,female,1,2,112,1
51,21,1.5,female,1,3,122,1
51,21,1.5,female,1,4,126,1
51,21,1.5,female,1,5,126,1
51,21,1.5,female,1,6,131,1
51,21,1.5,female,1,7,133,1
51,21,1.5,female,1,8,136,1
51,21,1.5,female,1,9,138,1
51,21,1.5,female,1,10,143,1
52,21,1.5,female,2,1,101,1
52,21,1.5,female,2,2,108,1
52,21,1.5,female,2,3,112,1
52,21,1.5,female,2,4,122,1
52,21,1.5,female,2,5,122,1
52,21,1.5,female,2,6,124,1
52,21,1.5,female,2,7,129,1
52,21,1.5,female,2,8,138,1
52,21,1.5,female,2,9,140,1
52,21,1.5,female,2,10,140,1
53,21,1.5,female,3,1,80,1
53,21,1.5,female,3,2,101,1
53,21,1.5,female,3,3,110,1
53,21,1.5,female,3,4,115,1
53,21,1.5,female,3,5,115,1
53,21,1.5,female,3,6,126,1
53,21,1.5,female,3,7,131,1
53,21,1.5,female,3,8,131,1
53,21,1.5,female,3,9,131,1
53,21,1.5,female,3,10,136,1
54,21,1.5,female,4,1,94,1
54,21,1.5,female,4,2,101,1
54,21,1.5,female,4,3,110,1
54,21,1.5,female,4,4,119,1
54,21,1.5,female,4,5,124,1
54,21,1.5,female,4,6,129,1
54,21,1.5,female,4,7,136,1
54,21,1.5,female,4,8,136,1
54,21,1.5,female,4,9,140,1
54,21,1.5,female,4,10,143,1
55,21,1.5,female,5,1,96,1
55,21,1.5,female,5,2,115,1
55,21,1.5,female,5,3,115,1
55,21,1.5,female,5,4,124,1
55,21,1.5,female,5,5,126,1
55,21,1.5,female,5,6,129,1
55,21,1.5,female,5,7,133,1
55,21,1.5,female,5,8,133,1
55,21,1.5,female,5,9,143,1
55,21,1.5,female,5,10,146,1
56,21,1.5,female,6,1,110,1
56,21,1.5,female,6,2,115,1
56,21,1.5,female,6,3,119,1
56,21,1.5,female,6,4,122,1
56,21,1.5,female,6,5,124,1
56,21,1.5,female,6,6,129,1
56,21,1.5,female,6,7,133,1
56,21,1.5,female,6,8,143,1
56,21,1.5,female,6,9,143,1
56,21,1.5,female,6,10,150,1
57,21,1.5,female,7,1,110,1
57,21,1.5,female,7,2,115,1
57,21,1.5,female,7,3,119,1
57,21,1.5,female,7,4,124,1
57,21,1.5,female,7,5,126,1
57,21,1.5,female,7,6,133,1
57,21,1.5,female,7,7,140,1
57,21,1.5,female,7,8,143,1
57,21,1.5,female,7,9,145,1
57,21,1.5,female,7,10,152,1
58,21,1.5,female,8,1,103,1
58,21,1.5,female,8,2,108,1
58,21,1.5,female,8,3,119,1
58,21,1.5,female,8,4,119,1
58,21,1.5,female,8,5,129,1
58,21,1.5,female,8,6,133,1
58,21,1.5,female,8,7,133,1
58,21,1.5,female,8,8,140,1
58,21,1.5,female,8,9,140,1
58,21,1.5,female,8,10,146,1
59,21,1.5,female,9,1,26,1
59,21,1.5,female,9,2,94,1
59,21,1.5,female,9,3,126,1
59,21,1.5,female,9,4,131,1
59,21,1.5,female,9,5,131,1
59,21,1.5,female,9,6,131,1
59,21,1.5,female,9,7,133,1
59,21,1.5,female,9,8,133,1
59,21,1.5,female,9,9,138,1
59,21,1.5,female,9,10,140,1
60,21,1.5,female,10,1,19,1
60,21,1.5,female,10,2,77,1
60,21,1.5,female,10,3,87,1
60,21,1.5,female,10,4,98,1
60,21,1.5,female,10,5,108,1
60,21,1.5,female,10,6,115,1
60,21,1.5,female,10,7,119,1
60,21,1.5,female,10,8,126,1
60,21,1.5,female,10,9,129,1
60,21,1.5,female,10,10,131,1
61,23,0.4,male,1,1,38,1
61,23,0.4,male,1,2,38,1
61,23,0.4,male,1,3,45,1
61,23,0.4,male,1,4,47,1
61,23,0.4,male,1,5,49,1
61,23,0.4,male,1,6,49,1
61,23,0.4,male,1,7,56,1
61,23,0.4,male,1,8,56,1
61,23,0.4,male,1,9,63,1
61,23,0.4,male,1,10,73,1
62,23,0.4,male,2,1,12,1
62,23,0.4,male,2,2,26,1
62,23,0.4,male,2,3,35,1
62,23,0.4,male,2,4,42,1
62,23,0.4,male,2,5,42,1
62,23,0.4,male,2,6,45,1
62,23,0.4,male,2,7,45,1
62,23,0.4,male,2,8,45,1
62,23,0.4,male,2,9,52,1
62,23,0.4,male,2,10,56,1
63,23,0.4,male,3,1,21,1
63,23,0.4,male,3,2,35,1
63,23,0.4,male,3,3,42,1
63,23,0.4,male,3,4,45,1
63,23,0.4,male,3,5,59,1
63,23,0.4,male,3,6,59,1
63,23,0.4,male,3,7,59,1
63,23,0.4,male,3,8,59,1
63,23,0.4,male,3,9,61,1
63,23,0.4,male,3,10,66,1
64,23,0.4,male,4,1,38,1
64,23,0.4,male,4,2,38,1
64,23,0.4,male,4,3,38,1
64,23,0.4,male,4,4,40,1
64,23,0.4,male,4,5,42,1
64,23,0.4,male,4,6,45,1
64,23,0.4,male,4,7,47,1
64,23,0.4,male,4,8,52,1
64,23,0.4,male,4,9,61,1
64,23,0.4,male,4,10,61,1
65,23,0.4,male,5,1,26,1
65,23,0.4,male,5,2,31,1
65,23,0.4,male,5,3,42,1
65,23,0.4,male,5,4,42,1
65,23,0.4,male,5,5,45,1
65,23,0.4,male,5,6,47,1
65,23,0.4,male,5,7,54,1
65,23,0.4,male,5,8,54,1
65,23,0.4,male,5,9,56,1
65,23,0.4,male,5,10,59,1
66,23,0.4,male,6,1,21,1
66,23,0.4,male,6,2,40,1
66,23,0.4,male,6,3,40,1
66,23,0.4,male,6,4,42,1
66,23,0.4,male,6,5,45,1
66,23,0.4,male,6,6,47,1
66,23,0.4,male,6,7,49,1
66,23,0.4,male,6,8,54,1
66,23,0.4,male,6,9,54,1
66,23,0.4,male,6,10,54,1
67,23,0.4,male,7,1,17,1
67,23,0.4,male,7,2,42,1
67,23,0.4,male,7,3,47,1
67,23,0.4,male,7,4,47,1
67,23,0.4,male,7,5,49,1
67,23,0.4,male,7,6,52,1
67,23,0.4,male,7,7,52,1
67,23,0.4,male,7,8,63,1
67,23,0.4,male,7,9,66,1
67,23,0.4,male,7,10,73,1
68,23,0.4,male,8,1,24,1
68,23,0.4,male,8,2,47,1
68,23,0.4,male,8,3,47,1
68,23,0.4,male,8,4,49,1
68,23,0.4,male,8,5,49,1
68,23,0.4,male,8,6,52,1
68,23,0.4,male,8,7,54,1
68,23,0.4,male,8,8,63,1
68,23,0.4,male,8,9,66,1
68,23,0.4,male,8,10,68,1
69,23,0.4,male,9,1,40,1
69,23,0.4,male,9,2,42,1
69,23,0.4,male,9,3,45,1
69,23,0.4,male,9,4,45,1
69,23,0.4,male,9,5,47,1
69,23,0.4,male,9,6,52,1
69,23,0.4,male,9,7,52,1
69,23,0.4,male,9,8,59,1
69,23,0.4,male,9,9,61,1
69,23,0.4,male,9,10,73,1
70,23,0.4,male,10,1,31,1
70,23,0.4,male,10,2,42,1
70,23,0.4,male,10,3,47,1
70,23,0.4,male,10,4,47,1
70,23,0.4,male,10,5,49,1
70,23,0.4,male,10,6,52,1
70,23,0.4,male,10,7,52,1
70,23,0.4,male,10,8,54,1
70,23,0.4,male,10,9,54,1
70,23,0.4,male,10,10,61,1
71,23,0.4,female,1,1,19,1
71,23,0.4,female,1,2,24,1
71,23,0.4,female,1,3,40,1
71,23,0.4,female,1,4,47,1
71,23,0.4,female,1,5,54,1
71,23,0.4,female,1,6,56,1
71,23,0.4,female,1,7,68,1
71,23,0.4,female,1,8,73,1
71,23,0.4,female,1,9,80,1
71,23,0.4,female,1,10,84,1
72,23,0.4,female,2,1,19,1
72,23,0.4,female,2,2,21,1
72,23,0.4,female,2,3,28,1
72,23,0.4,female,2,4,40,1
72,23,0.4,female,2,5,45,1
72,23,0.4,female,2,6,54,1
72,23,0.4,female,2,7,56,1
72,23,0.4,female,2,8,73,1
72,23,0.4,female,2,9,80,1
72,23,0.4,female,2,10,84,1
73,23,0.4,female,3,1,24,1
73,23,0.4,female,3,2,33,1
73,23,0.4,female,3,3,40,1
73,23,0.4,female,3,4,42,1
73,23,0.4,female,3,5,52,1
73,23,0.4,female,3,6,52,1
73,23,0.4,female,3,7,56,1
73,23,0.4,female,3,8,68,1
73,23,0.4,female,3,9,80,1
73,23,0.4,female,3,10,80,1
74,23,0.4,female,4,1,19,1
74,23,0.4,female,4,2,33,1
74,23,0.4,female,4,3,35,1
74,23,0.4,female,4,4,42,1
74,23,0.4,female,4,5,45,1
74,23,0.4,female,4,6,66,1
74,23,0.4,female,4,7,66,1
74,23,0.4,female,4,8,73,1
74,23,0.4,female,4,9,75,1
74,23,0.4,female,4,10,80,1
75,23,0.4,female,5,1,21,1
75,23,0.4,female,5,2,24,1
75,23,0.4,female,5,3,33,1
75,23,0.4,female,5,4,35,1
75,23,0.4,female,5,5,49,1
75,23,0.4,female,5,6,52,1
75,23,0.4,female,5,7,66,1
75,23,0.4,female,5,8,70,1
75,23,0.4,female,5,9,73,1
75,23,0.4,female,5,10,87,1
76,23,0.4,female,6,1,21,1
76,23,0.4,female,6,2,24,1
76,23,0.4,female,6,3,31,1
76,23,0.4,female,6,4,49,1
76,23,0.4,female,6,5,52,1
76,23,0.4,female,6,6,56,1
76,23,0.4,female,6,7,70,1
76,23,0.4,female,6,8,75,1
76,23,0.4,female,6,9,77,1
76,23,0.4,female,6,10,82,1
77,23,0.4,female,7,1,7,1
77,23,0.4,female,7,2,33,1
77,23,0.4,female,7,3,40,1
77,23,0.4,female,7,4,45,1
77,23,0.4,female,7,5,47,1
77,23,0.4,female,7,6,47,1
77,23,0.4,female,7,7,49,1
77,23,0.4,female,7,8,49,1
77,23,0.4,female,7,9,61,1
77,23,0.4,female,7,10,75,1
78,23,0.4,female,8,1,19,1
78,23,0.4,female,8,2,24,1
78,23,0.4,female,8,3,28,1
78,23,0.4,female,8,4,40,1
78,23,0.4,female,8,5,52,1
78,23,0.4,female,8,6,66,1
78,23,0.4,female,8,7,70,1
78,23,0.4,female,8,8,73,1
78,23,0.4,female,8,9,77,1
78,23,0.4,female,8,10,84,1
79,23,0.4,female,9,1,19,1
79,23,0.4,female,9,2,24,1
79,23,0.4,female,9,3,31,1
79,23,0.4,female,9,4,40,1
79,23,0.4,female,9,5,49,1
79,23,0.4,female,9,6,52,1
79,23,0.4,female,9,7,56,1
79,23,0.4,female,9,8,56,1
79,23,0.4,female,9,9,77,1
79,23,0.4,female,9,10,84,1
80,23,0.4,female,10,1,24,1
80,23,0.4,female,10,2,31,1
80,23,0.4,female,10,3,40,1
80,23,0.4,female,10,4,40,1
80,23,0.4,female,10,5,49,1
80,23,0.4,female,10,6,52,1
80,23,0.4,female,10,7,52,1
80,23,0.4,female,10,8,70,1
80,23,0.4,female,10,9,75,1
80,23,0.4,female,10,10,87,1
81,23,1,male,1,1,47,1
81,23,1,male,1,2,49,1
81,23,1,male,1,3,54,1
81,23,1,male,1,4,54,1
81,23,1,male,1,5,54,1
81,23,1,male,1,6,56,1
81,23,1,male,1,7,59,1
81,23,1,male,1,8,61,1
81,23,1,male,1,9,61,1
81,23,1,male,1,10,61,1
82,23,1,male,2,1,28,1
82,23,1,male,2,2,35,1
82,23,1,male,2,3,38,1
82,23,1,male,2,4,40,1
82,23,1,male,2,5,45,1
82,23,1,male,2,6,47,1
82,23,1,male,2,7,49,1
82,23,1,male,2,8,52,1
82,23,1,male,2,9,61,1
82,23,1,male,2,10,66,1
83,23,1,male,3,1,38,1
83,23,1,male,3,2,38,1
83,23,1,male,3,3,38,1
83,23,1,male,3,4,40,1
83,23,1,male,3,5,40,1
83,23,1,male,3,6,42,1
83,23,1,male,3,7,45,1
83,23,1,male,3,8,45,1
83,23,1,male,3,9,59,1
83,23,1,male,3,10,63,1
84,23,1,male,4,1,31,1
84,23,1,male,4,2,31,1
84,23,1,male,4,3,31,1
84,23,1,male,4,4,33,1
84,23,1,male,4,5,38,1
84,23,1,male,4,6,38,1
84,23,1,male,4,7,38,1
84,23,1,male,4,8,42,1
84,23,1,male,4,9,45,1
84,23,1,male,4,10,77,1
85,23,1,male,5,1,40,1
85,23,1,male,5,2,42,1
85,23,1,male,5,3,45,1
85,23,1,male,5,4,54,1
85,23,1,male,5,5,54,1
85,23,1,male,5,6,56,1
85,23,1,male,5,7,59,1
85,23,1,male,5,8,59,1
85,23,1,male,5,9,63,1
85,23,1,male,5,10,63,1
86,23,1,male,6,1,33,1
86,23,1,male,6,2,38,1
86,23,1,male,6,3,38,1
86,23,1,male,6,4,42,1
86,23,1,male,6,5,52,1
86,23,1,male,6,6,56,1
86,23,1,male,6,7,59,1
86,23,1,male,6,8,61,1
86,23,1,male,6,9,66,1
86,23,1,male,6,10,66,1
87,23,1,male,7,1,33,1
87,23,1,male,7,2,35,1
87,23,1,male,7,3,35,1
87,23,1,male,7,4,38,1
87,23,1,male,7,5,45,1
87,23,1,male,7,6,47,1
87,23,1,male,7,7,52,1
87,23,1,male,7,8,56,1
87,23,1,male,7,9,59,1
87,23,1,male,7,10,66,1
88,23,1,male,8,1,40,1
88,23,1,male,8,2,40,1
88,23,1,male,8,3,40,1
88,23,1,male,8,4,54,1
88,23,1,male,8,5,54,1
88,23,1,male,8,6,54,1
88,23,1,male,8,7,56,1
88,23,1,male,8,8,68,1
88,23,1,male,8,9,73,1
88,23,1,male,8,10,77,1
89,23,1,male,9,1,38,1
89,23,1,male,9,2,38,1
89,23,1,male,9,3,47,1
89,23,1,male,9,4,47,1
89,23,1,male,9,5,52,1
89,23,1,male,9,6,52,1
89,23,1,male,9,7,54,1
89,23,1,male,9,8,56,1
89,23,1,male,9,9,56,1
89,23,1,male,9,10,73,1
90,23,1,male,10,1,31,1
90,23,1,male,10,2,42,1
90,23,1,male,10,3,45,1
90,23,1,male,10,4,49,1
90,23,1,male,10,5,49,1
90,23,1,male,10,6,52,1
90,23,1,male,10,7,54,1
90,23,1,male,10,8,56,1
90,23,1,male,10,9,56,1
90,23,1,male,10,10,68,1
91,23,1,female,1,1,35,1
91,23,1,female,1,2,70,1
91,23,1,female,1,3,73,1
91,23,1,female,1,4,73,1
91,23,1,female,1,5,77,1
91,23,1,female,1,6,80,1
91,23,1,female,1,7,80,1
91,23,1,female,1,8,82,1
91,23,1,female,1,9,82,1
91,23,1,female,1,10,82,1
92,23,1,female,2,1,49,1
92,23,1,female,2,2,56,1
92,23,1,female,2,3,63,1
92,23,1,female,2,4,66,1
92,23,1,female,2,5,66,1
92,23,1,female,2,6,66,1
92,23,1,female,2,7,68,1
92,23,1,female,2,8,77,1
92,23,1,female,2,9,77,1
92,23,1,female,2,10,80,1
93,23,1,female,3,1,47,1
93,23,1,female,3,2,63,1
93,23,1,female,3,3,66,1
93,23,1,female,3,4,66,1
93,23,1,female,3,5,68,1
93,23,1,female,3,6,70,1
93,23,1,female,3,7,70,1
93,23,1,female,3,8,73,1
93,23,1,female,3,9,73,1
93,23,1,female,3,10,84,1
94,23,1,female,4,1,66,1
94,23,1,female,4,2,66,1
94,23,1,female,4,3,66,1
94,23,1,female,4,4,66,1
94,23,1,female,4,5,68,1
94,23,1,female,4,6,68,1
94,23,1,female,4,7,73,1
94,23,1,female,4,8,73,1
94,23,1,female,4,9,77,1
94,23,1,female,4,10,80,1
95,23,1,female,5,1,10,1
95,23,1,female,5,2,47,1
95,23,1,female,5,3,59,1
95,23,1,female,5,4,61,1
95,23,1,female,5,5,68,1
95,23,1,female,5,6,68,1
95,23,1,female,5,7,73,1
95,23,1,female,5,8,73,1
95,23,1,female,5,9,73,1
95,23,1,female,5,10,73,1
96,23,1,female,6,1,56,1
96,23,1,female,6,2,56,1
96,23,1,female,6,3,73,1
96,23,1,female,6,4,75,1
96,23,1,female,6,5,75,1
96,23,1,female,6,6,77,1
96,23,1,female,6,7,80,1
96,23,1,female,6,8,82,1
96,23,1,female,6,9,82,1
96,23,1,female,6,10,84,1
97,23,1,female,7,1,68,1
97,23,1,female,7,2,68,1
97,23,1,female,7,3,70,1
97,23,1,female,7,4,73,1
97,23,1,female,7,5,73,1
97,23,1,female,7,6,73,1
97,23,1,female,7,7,75,1
97,23,1,female,7,8,77,1
97,23,1,female,7,9,80,1
97,23,1,female,7,10,80,1
98,23,1,female,8,1,49,1
98,23,1,female,8,2,49,1
98,23,1,female,8,3,49,1
98,23,1,female,8,4,63,1
98,23,1,female,8,5,66,1
98,23,1,female,8,6,68,1
98,23,1,female,8,7,73,1
98,23,1,female,8,8,73,1
98,23,1,female,8,9,73,1
98,23,1,female,8,10,77,1
99,23,1,female,9,1,61,1
99,23,1,female,9,2,66,1
99,23,1,female,9,3,66,1
99,23,1,female,9,4,66,1
99,23,1,female,9,5,68,1
99,23,1,female,9,6,73,1
99,23,1,female,9,7,80,1
99,23,1,female,9,8,80,1
99,23,1,female,9,9,80,1
99,23,1,female,9,10,80,1
100,23,1,female,10,1,56,1
100,23,1,female,10,2,61,1
100,23,1,female,10,3,66,1
100,23,1,female,10,4,66,1
100,23,1,female,10,5,68,1
100,23,1,female,10,6,68,1
100,23,1,female,10,7,73,1
100,23,1,female,10,8,73,1
100,23,1,female,10,9,75,1
100,23,1,female,10,10,77,1
101,23,1.5,male,1,1,33,1
101,23,1.5,male,1,2,38,1
101,23,1.5,male,1,3,38,1
101,23,1.5,male,1,4,45,1
101,23,1.5,male,1,5,47,1
101,23,1.5,male,1,6,49,1
101,23,1.5,male,1,7,54,1
101,23,1.5,male,1,8,54,1
101,23,1.5,male,1,9,61,1
101,23,1.5,male,1,10,66,1
102,23,1.5,male,2,1,31,1
102,23,1.5,male,2,2,31,1
102,23,1.5,male,2,3,38,1
102,23,1.5,male,2,4,38,1
102,23,1.5,male,2,5,47,1
102,23,1.5,male,2,6,47,1
102,23,1.5,male,2,7,52,1
102,23,1.5,male,2,8,56,1
102,23,1.5,male,2,9,63,1
102,23,1.5,male,2,10,66,1
103,23,1.5,male,3,1,33,1
103,23,1.5,male,3,2,35,1
103,23,1.5,male,3,3,38,1
103,23,1.5,male,3,4,40,1
103,23,1.5,male,3,5,40,1
103,23,1.5,male,3,6,40,1
103,23,1.5,male,3,7,42,1
103,23,1.5,male,3,8,45,1
103,23,1.5,male,3,9,54,1
103,23,1.5,male,3,10,63,1
104,23,1.5,male,4,1,31,1
104,23,1.5,male,4,2,38,1
104,23,1.5,male,4,3,38,1
104,23,1.5,male,4,4,40,1
104,23,1.5,male,4,5,42,1
104,23,1.5,male,4,6,45,1
104,23,1.5,male,4,7,45,1
104,23,1.5,male,4,8,49,1
104,23,1.5,male,4,9,52,1
104,23,1.5,male,4,10,52,1
105,23,1.5,male,5,1,38,1
105,23,1.5,male,5,2,38,1
105,23,1.5,male,5,3,40,1
105,23,1.5,male,5,4,42,1
105,23,1.5,male,5,5,45,1
105,23,1.5,male,5,6,49,1
105,23,1.5,male,5,7,52,1
105,23,1.5,male,5,8,56,1
105,23,1.5,male,5,9,59,1
105,23,1.5,male,5,10,61,1
106,23,1.5,male,6,1,38,1
106,23,1.5,male,6,2,38,1
106,23,1.5,male,6,3,40,1
106,23,1.5,male,6,4,40,1
106,23,1.5,male,6,5,40,1
106,23,1.5,male,6,6,42,1
106,23,1.5,male,6,7,45,1
106,23,1.5,male,6,8,52,1
106,23,1.5,male,6,9,54,1
106,23,1.5,male,6,10,70,1
107,23,1.5,male,7,1,28,1
107,23,1.5,male,7,2,33,1
107,23,1.5,male,7,3,33,1
107,23,1.5,male,7,4,40,1
107,23,1.5,male,7,5,47,1
107,23,1.5,male,7,6,47,1
107,23,1.5,male,7,7,49,1
107,23,1.5,male,7,8,49,1
107,23,1.5,male,7,9,54,1
107,23,1.5,male,7,10,63,1
108,23,1.5,male,8,1,28,1
108,23,1.5,male,8,2,31,1
108,23,1.5,male,8,3,42,1
108,23,1.5,male,8,4,45,1
108,23,1.5,male,8,5,45,1
108,23,1.5,male,8,6,49,1
108,23,1.5,male,8,7,52,1
108,23,1.5,male,8,8,52,1
108,23,1.5,male,8,9,59,1
108,23,1.5,male,8,10,63,1
109,23,1.5,male,9,1,28,1
109,23,1.5,male,9,2,28,1
109,23,1.5,male,9,3,38,1
109,23,1.5,male,9,4,38,1
109,23,1.5,male,9,5,45,1
109,23,1.5,male,9,6,49,1
109,23,1.5,male,9,7,54,1
109,23,1.5,male,9,8,54,1
109,23,1.5,male,9,9,59,1
109,23,1.5,male,9,10,68,1
110,23,1.5,male,10,1,33,1
110,23,1.5,male,10,2,38,1
110,23,1.5,male,10,3,38,1
110,23,1.5,male,10,4,40,1
110,23,1.5,male,10,5,45,1
110,23,1.5,male,10,6,47,1
110,23,1.5,male,10,7,52,1
110,23,1.5,male,10,8,52,1
110,23,1.5,male,10,9,54,1
110,23,1.5,male,10,10,56,1
111,23,1.5,female,1,1,52,1
111,23,1.5,female,1,2,63,1
111,23,1.5,female,1,3,63,1
111,23,1.5,female,1,4,66,1
111,23,1.5,female,1,5,68,1
111,23,1.5,female,1,6,73,1
111,23,1.5,female,1,7,73,1
111,23,1.5,female,1,8,80,1
111,23,1.5,female,1,9,82,1
111,23,1.5,female,1,10,84,1
112,23,1.5,female,2,1,47,1
112,23,1.5,female,2,2,61,1
112,23,1.5,female,2,3,66,1
112,23,1.5,female,2,4,68,1
112,23,1.5,female,2,5,68,1
112,23,1.5,female,2,6,68,1
112,23,1.5,female,2,7,68,1
112,23,1.5,female,2,8,70,1
112,23,1.5,female,2,9,80,1
112,23,1.5,female,2,10,82,1
113,23,1.5,female,3,1,59,1
113,23,1.5,female,3,2,61,1
113,23,1.5,female,3,3,63,1
113,23,1.5,female,3,4,63,1
113,23,1.5,female,3,5,63,1
113,23,1.5,female,3,6,68,1
113,23,1.5,female,3,7,70,1
113,23,1.5,female,3,8,73,1
113,23,1.5,female,3,9,73,1
113,23,1.5,female,3,10,82,1
114,23,1.5,female,4,1,38,1
114,23,1.5,female,4,2,52,1
114,23,1.5,female,4,3,59,1
114,23,1.5,female,4,4,61,1
114,23,1.5,female,4,5,73,1
114,23,1.5,female,4,6,73,1
114,23,1.5,female,4,7,73,1
114,23,1.5,female,4,8,73,1
114,23,1.5,female,4,9,80,1
114,23,1.5,female,4,10,80,1
115,23,1.5,female,5,1,52,1
115,23,1.5,female,5,2,61,1
115,23,1.5,female,5,3,63,1
115,23,1.5,female,5,4,68,1
115,23,1.5,female,5,5,68,1
115,23,1.5,female,5,6,70,1
115,23,1.5,female,5,7,73,1
115,23,1.5,female,5,8,75,1
115,23,1.5,female,5,9,77,1
115,23,1.5,female,5,10,80,1
116,23,1.5,female,6,1,66,1
116,23,1.5,female,6,2,68,1
116,23,1.5,female,6,3,68,1
116,23,1.5,female,6,4,70,1
116,23,1.5,female,6,5,73,1
116,23,1.5,female,6,6,77,1
116,23,1.5,female,6,7,80,1
116,23,1.5,female,6,8,80,1
116,23,1.5,female,6,9,80,1
116,23,1.5,female,6,10,80,1
117,23,1.5,female,7,1,68,1
117,23,1.5,female,7,2,73,1
117,23,1.5,female,7,3,73,1
117,23,1.5,female,7,4,73,1
117,23,1.5,female,7,5,73,1
117,23,1.5,female,7,6,73,1
117,23,1.5,female,7,7,75,1
117,23,1.5,female,7,8,77,1
117,23,1.5,female,7,9,77,1
117,23,1.5,female,7,10,77,1
118,23,1.5,female,8,1,49,1
118,23,1.5,female,8,2,61,1
118,23,1.5,female,8,3,63,1
118,23,1.5,female,8,4,63,1
118,23,1.5,female,8,5,66,1
118,23,1.5,female,8,6,66,1
118,23,1.5,female,8,7,70,1
118,23,1.5,female,8,8,77,1
118,23,1.5,female,8,9,84,1
118,23,1.5,female,8,10,87,1
119,23,1.5,female,9,1,52,1
119,23,1.5,female,9,2,61,1
119,23,1.5,female,9,3,63,1
119,23,1.5,female,9,4,73,1
119,23,1.5,female,9,5,73,1
119,23,1.5,female,9,6,75,1
119,23,1.5,female,9,7,75,1
119,23,1.5,female,9,8,80,1
119,23,1.5,female,9,9,82,1
119,23,1.5,female,9,10,82,1
120,23,1.5,female,10,1,38,1
120,23,1.5,female,10,2,73,1
120,23,1.5,female,10,3,73,1
120,23,1.5,female,10,4,73,1
120,23,1.5,female,10,5,75,1
120,23,1.5,female,10,6,75,1
120,23,1.5,female,10,7,77,1
120,23,1.5,female,10,8,77,1
120,23,1.5,female,10,9,82,1
120,23,1.5,female,10,10,82,1
121,25,0.4,male,1,1,26,1
121,25,0.4,male,1,2,38,1
121,25,0.4,male,1,3,38,1
121,25,0.4,male,1,4,40,1
121,25,0.4,male,1,5,40,1
121,25,0.4,male,1,6,40,1
121,25,0.4,male,1,7,40,1
121,25,0.4,male,1,8,42,1
121,25,0.4,male,1,9,42,1
121,25,0.4,male,1,10,45,1
122,25,0.4,male,2,1,21,1
122,25,0.4,male,2,2,26,1
122,25,0.4,male,2,3,33,1
122,25,0.4,male,2,4,38,1
122,25,0.4,male,2,5,40,1
122,25,0.4,male,2,6,40,1
122,25,0.4,male,2,7,42,1
122,25,0.4,male,2,8,45,1
122,25,0.4,male,2,9,56,1
122,25,0.4,male,2,10,59,1
123,25,0.4,male,3,1,38,1
123,25,0.4,male,3,2,38,1
123,25,0.4,male,3,3,38,1
123,25,0.4,male,3,4,38,1
123,25,0.4,male,3,5,38,1
123,25,0.4,male,3,6,40,1
123,25,0.4,male,3,7,47,1
123,25,0.4,male,3,8,47,1
123,25,0.4,male,3,9,47,1
123,25,0.4,male,3,10,47,1
124,25,0.4,male,4,1,28,1
124,25,0.4,male,4,2,31,1
124,25,0.4,male,4,3,38,1
124,25,0.4,male,4,4,38,1
124,25,0.4,male,4,5,40,1
124,25,0.4,male,4,6,40,1
124,25,0.4,male,4,7,40,1
124,25,0.4,male,4,8,40,1
124,25,0.4,male,4,9,42,1
124,25,0.4,male,4,10,45,1
125,25,0.4,male,5,1,31,1
125,25,0.4,male,5,2,31,1
125,25,0.4,male,5,3,31,1
125,25,0.4,male,5,4,33,1
125,25,0.4,male,5,5,33,1
125,25,0.4,male,5,6,38,1
125,25,0.4,male,5,7,49,1
125,25,0.4,male,5,8,49,1
125,25,0.4,male,5,9,49,1
125,25,0.4,male,5,10,61,1
126,25,0.4,male,6,1,31,1
126,25,0.4,male,6,2,33,1
126,25,0.4,male,6,3,33,1
126,25,0.4,male,6,4,38,1
126,25,0.4,male,6,5,40,1
126,25,0.4,male,6,6,40,1
126,25,0.4,male,6,7,40,1
126,25,0.4,male,6,8,42,1
126,25,0.4,male,6,9,42,1
126,25,0.4,male,6,10,45,1
127,25,0.4,male,7,1,21,1
127,25,0.4,male,7,2,26,1
127,25,0.4,male,7,3,31,1
127,25,0.4,male,7,4,31,1
127,25,0.4,male,7,5,31,1
127,25,0.4,male,7,6,31,1
127,25,0.4,male,7,7,35,1
127,25,0.4,male,7,8,42,1
127,25,0.4,male,7,9,45,1
127,25,0.4,male,7,10,61,1
128,25,0.4,male,8,1,33,1
128,25,0.4,male,8,2,33,1
128,25,0.4,male,8,3,35,1
128,25,0.4,male,8,4,38,1
128,25,0.4,male,8,5,40,1
128,25,0.4,male,8,6,40,1
128,25,0.4,male,8,7,40,1
128,25,0.4,male,8,8,45,1
128,25,0.4,male,8,9,49,1
128,25,0.4,male,8,10,49,1
129,25,0.4,male,9,1,19,1
129,25,0.4,male,9,2,26,1
129,25,0.4,male,9,3,33,1
129,25,0.4,male,9,4,38,1
129,25,0.4,male,9,5,38,1
129,25,0.4,male,9,6,40,1
129,25,0.4,male,9,7,40,1
129,25,0.4,male,9,8,40,1
129,25,0.4,male,9,9,40,1
129,25,0.4,male,9,10,54,1
130,25,0.4,male,10,1,33,1
130,25,0.4,male,10,2,38,1
130,25,0.4,male,10,3,38,1
130,25,0.4,male,10,4,40,1
130,25,0.4,male,10,5,40,1
130,25,0.4,male,10,6,40,1
130,25,0.4,male,10,7,45,1
130,25,0.4,male,10,8,47,1
130,25,0.4,male,10,9,52,1
130,25,0.4,male,10,10,52,1
131,25,0.4,female,1,1,26,1
131,25,0.4,female,1,2,40,1
131,25,0.4,female,1,3,42,1
131,25,0.4,female,1,4,45,1
131,25,0.4,female,1,5,49,1
131,25,0.4,female,1,6,56,1
131,25,0.4,female,1,7,56,1
131,25,0.4,female,1,8,59,1
131,25,0.4,female,1,9,63,1
131,25,0.4,female,1,10,70,1
132,25,0.4,female,2,1,40,1
132,25,0.4,female,2,2,47,1
132,25,0.4,female,2,3,47,1
132,25,0.4,female,2,4,54,1
132,25,0.4,female,2,5,54,1
132,25,0.4,female,2,6,56,1
132,25,0.4,female,2,7,61,1
132,25,0.4,female,2,8,63,1
132,25,0.4,female,2,9,63,1
132,25,0.4,female,2,10,63,1
133,25,0.4,female,3,1,33,1
133,25,0.4,female,3,2,38,1
133,25,0.4,female,3,3,40,1
133,25,0.4,female,3,4,47,1
133,25,0.4,female,3,5,52,1
133,25,0.4,female,3,6,56,1
133,25,0.4,female,3,7,56,1
133,25,0.4,female,3,8,59,1
133,25,0.4,female,3,9,66,1
133,25,0.4,female,3,10,68,1
134,25,0.4,female,4,1,49,1
134,25,0.4,female,4,2,52,1
134,25,0.4,female,4,3,52,1
134,25,0.4,female,4,4,52,1
134,25,0.4,female,4,5,52,1
134,25,0.4,female,4,6,52,1
134,25,0.4,female,4,7,52,1
134,25,0.4,female,4,8,54,1
134,25,0.4,female,4,9,54,1
134,25,0.4,female,4,10,70,1
135,25,0.4,female,5,1,54,1
135,25,0.4,female,5,2,54,1
135,25,0.4,female,5,3,54,1
135,25,0.4,female,5,4,56,1
135,25,0.4,female,5,5,63,1
135,25,0.4,female,5,6,63,1
135,25,0.4,female,5,7,63,1
135,25,0.4,female,5,8,66,1
135,25,0.4,female,5,9,66,1
135,25,0.4,female,5,10,68,1
136,25,0.4,female,6,1,26,1
136,25,0.4,female,6,2,31,1
136,25,0.4,female,6,3,35,1
136,25,0.4,female,6,4,45,1
136,25,0.4,female,6,5,52,1
136,25,0.4,female,6,6,56,1
136,25,0.4,female,6,7,59,1
136,25,0.4,female,6,8,61,1
136,25,0.4,female,6,9,61,1
136,25,0.4,female,6,10,63,1
137,25,0.4,female,7,1,31,1
137,25,0.4,female,7,2,38,1
137,25,0.4,female,7,3,42,1
137,25,0.4,female,7,4,52,1
137,25,0.4,female,7,5,52,1
137,25,0.4,female,7,6,54,1
137,25,0.4,female,7,7,56,1
137,25,0.4,female,7,8,56,1
137,25,0.4,female,7,9,59,1
137,25,0.4,female,7,10,61,1
138,25,0.4,female,8,1,19,1
138,25,0.4,female,8,2,35,1
138,25,0.4,female,8,3,42,1
138,25,0.4,female,8,4,52,1
138,25,0.4,female,8,5,54,1
138,25,0.4,female,8,6,56,1
138,25,0.4,female,8,7,63,1
138,25,0.4,female,8,8,66,1
138,25,0.4,female,8,9,70,1
138,25,0.4,female,8,10,70,1
139,25,0.4,female,9,1,40,1
139,25,0.4,female,9,2,47,1
139,25,0.4,female,9,3,56,1
139,25,0.4,female,9,4,56,1
139,25,0.4,female,9,5,56,1
139,25,0.4,female,9,6,56,1
139,25,0.4,female,9,7,56,1
139,25,0.4,female,9,8,61,1
139,25,0.4,female,9,9,63,1
139,25,0.4,female,9,10,66,1
140,25,0.4,female,10,1,10,1
140,25,0.4,female,10,2,17,1
140,25,0.4,female,10,3,40,1
140,25,0.4,female,10,4,40,1
140,25,0.4,female,10,5,40,1
140,25,0.4,female,10,6,54,1
140,25,0.4,female,10,7,56,1
140,25,0.4,female,10,8,63,1
140,25,0.4,female,10,9,66,1
140,25,0.4,female,10,10,68,1
141,25,1,male,1,1,35,1
141,25,1,male,1,2,38,1
141,25,1,male,1,3,38,1
141,25,1,male,1,4,40,1
141,25,1,male,1,5,40,1
141,25,1,male,1,6,42,1
141,25,1,male,1,7,45,1
141,25,1,male,1,8,45,1
141,25,1,male,1,9,45,1
141,25,1,male,1,10,47,1
142,25,1,male,2,1,10,1
142,25,1,male,2,2,31,1
142,25,1,male,2,3,31,1
142,25,1,male,2,4,35,1
142,25,1,male,2,5,38,1
142,25,1,male,2,6,38,1
142,25,1,male,2,7,40,1
142,25,1,male,2,8,45,1
142,25,1,male,2,9,52,1
142,25,1,male,2,10,52,1
143,25,1,male,3,1,28,1
143,25,1,male,3,2,31,1
143,25,1,male,3,3,31,1
143,25,1,male,3,4,33,1
143,25,1,male,3,5,35,1
143,25,1,male,3,6,38,1
143,25,1,male,3,7,38,1
143,25,1,male,3,8,40,1
143,25,1,male,3,9,42,1
143,25,1,male,3,10,47,1
144,25,1,male,4,1,28,1
144,25,1,male,4,2,31,1
144,25,1,male,4,3,33,1
144,25,1,male,4,4,38,1
144,25,1,male,4,5,38,1
144,25,1,male,4,6,38,1
144,25,1,male,4,7,40,1
144,25,1,male,4,8,42,1
144,25,1,male,4,9,45,1
144,25,1,male,4,10,49,1
145,25,1,male,5,1,19,1
145,25,1,male,5,2,31,1
145,25,1,male,5,3,31,1
145,25,1,male,5,4,35,1
145,25,1,male,5,5,38,1
145,25,1,male,5,6,38,1
145,25,1,male,5,7,38,1
145,25,1,male,5,8,38,1
145,25,1,male,5,9,38,1
145,25,1,male,5,10,38,1
146,25,1,male,6,1,26,1
146,25,1,male,6,2,33,1
146,25,1,male,6,3,38,1
146,25,1,male,6,4,38,1
146,25,1,male,6,5,38,1
146,25,1,male,6,6,40,1
146,25,1,male,6,7,45,1
146,25,1,male,6,8,47,1
146,25,1,male,6,9,52,1
146,25,1,male,6,10,54,1
147,25,1,male,7,1,31,1
147,25,1,male,7,2,33,1
147,25,1,male,7,3,33,1
147,25,1,male,7,4,33,1
147,25,1,male,7,5,35,1
147,25,1,male,7,6,35,1
147,25,1,male,7,7,38,1
147,25,1,male,7,8,38,1
147,25,1,male,7,9,38,1
147,25,1,male,7,10,52,1
148,25,1,male,8,1,24,1
148,25,1,male,8,2,26,1
148,25,1,male,8,3,31,1
148,25,1,male,8,4,31,1
148,25,1,male,8,5,31,1
148,25,1,male,8,6,31,1
148,25,1,male,8,7,33,1
148,25,1,male,8,8,40,1
148,25,1,male,8,9,42,1
148,25,1,male,8,10,47,1
149,25,1,male,9,1,31,1
149,25,1,male,9,2,31,1
149,25,1,male,9,3,33,1
149,25,1,male,9,4,33,1
149,25,1,male,9,5,33,1
149,25,1,male,9,6,33,1
149,25,1,male,9,7,33,1
149,25,1,male,9,8,38,1
149,25,1,male,9,9,42,1
149,25,1,male,9,10,54,1
150,25,1,male,10,1,31,1
150,25,1,male,10,2,31,1
150,25,1,male,10,3,31,1
150,25,1,male,10,4,31,1
150,25,1,male,10,5,38,1
150,25,1,male,10,6,38,1
150,25,1,male,10,7,40,1
150,25,1,male,10,8,42,1
150,25,1,male,10,9,49,1
150,25,1,male,10,10,49,1
151,25,1,female,1,1,17,1
151,25,1,female,1,2,31,1
151,25,1,female,1,3,47,1
151,25,1,female,1,4,47,1
151,25,1,female,1,5,49,1
151,25,1,female,1,6,59,1
151,25,1,female,1,7,61,1
151,25,1,female,1,8,68,1
151,25,1,female,1,9,75,1
151,25,1,female,1,10,80,1
152,25,1,female,2,1,33,1
152,25,1,female,2,2,49,1
152,25,1,female,2,3,52,1
152,25,1,female,2,4,54,1
152,25,1,female,2,5,56,1
152,25,1,female,2,6,56,1
152,25,1,female,2,7,56,1
152,25,1,female,2,8,63,1
152,25,1,female,2,9,68,1
152,25,1,female,2,10,73,1
153,25,1,female,3,1,33,1
153,25,1,female,3,2,38,1
153,25,1,female,3,3,45,1
153,25,1,female,3,4,52,1
153,25,1,female,3,5,52,1
153,25,1,female,3,6,52,1
153,25,1,female,3,7,59,1
153,25,1,female,3,8,61,1
153,25,1,female,3,9,63,1
153,25,1,female,3,10,66,1
154,25,1,female,4,1,28,1
154,25,1,female,4,2,47,1
154,25,1,female,4,3,54,1
154,25,1,female,4,4,59,1
154,25,1,female,4,5,63,1
154,25,1,female,4,6,63,1
154,25,1,female,4,7,66,1
154,25,1,female,4,8,68,1
154,25,1,female,4,9,68,1
154,25,1,female,4,10,68,1
155,25,1,female,5,1,47,1
155,25,1,female,5,2,54,1
155,25,1,female,5,3,54,1
155,25,1,female,5,4,54,1
155,25,1,female,5,5,56,1
155,25,1,female,5,6,66,1
155,25,1,female,5,7,66,1
155,25,1,female,5,8,66,1
155,25,1,female,5,9,66,1
155,25,1,female,5,10,68,1
156,25,1,female,6,1,47,1
156,25,1,female,6,2,47,1
156,25,1,female,6,3,61,1
156,25,1,female,6,4,61,1
156,25,1,female,6,5,63,1
156,25,1,female,6,6,63,1
156,25,1,female,6,7,70,1
156,25,1,female,6,8,80,1
156,25,1,female,6,9,82,1
156,25,1,female,6,10,87,1
157,25,1,female,7,1,33,1
157,25,1,female,7,2,35,1
157,25,1,female,7,3,49,1
157,25,1,female,7,4,54,1
157,25,1,female,7,5,56,1
157,25,1,female,7,6,56,1
157,25,1,female,7,7,56,1
157,25,1,female,7,8,63,1
157,25,1,female,7,9,63,1
157,25,1,female,7,10,63,1
158,25,1,female,8,1,47,1
158,25,1,female,8,2,49,1
158,25,1,female,8,3,54,1
158,25,1,female,8,4,56,1
158,25,1,female,8,5,56,1
158,25,1,female,8,6,56,1
158,25,1,female,8,7,56,1
158,25,1,female,8,8,56,1
158,25,1,female,8,9,66,1
158,25,1,female,8,10,66,1
159,25,1,female,9,1,47,1
159,25,1,female,9,2,49,1
159,25,1,female,9,3,49,1
159,25,1,female,9,4,49,1
159,25,1,female,9,5,49,1
159,25,1,female,9,6,49,1
159,25,1,female,9,7,49,1
159,25,1,female,9,8,52,1
159,25,1,female,9,9,54,1
159,25,1,female,9,10,63,1
160,25,1,female,10,1,33,1
160,25,1,female,10,2,49,1
160,25,1,female,10,3,49,1
160,25,1,female,10,4,54,1
160,25,1,female,10,5,54,1
160,25,1,female,10,6,59,1
160,25,1,female,10,7,66,1
160,25,1,female,10,8,73,1
160,25,1,female,10,9,73,1
160,25,1,female,10,10,75,1
161,25,1.5,male,1,1,21,1
161,25,1.5,male,1,2,31,1
161,25,1.5,male,1,3,31,1
161,25,1.5,male,1,4,31,1
161,25,1.5,male,1,5,31,1
161,25,1.5,male,1,6,33,1
161,25,1.5,male,1,7,33,1
161,25,1.5,male,1,8,38,1
161,25,1.5,male,1,9,38,1
161,25,1.5,male,1,10,38,1
162,25,1.5,male,2,1,24,1
162,25,1.5,male,2,2,28,1
162,25,1.5,male,2,3,31,1
162,25,1.5,male,2,4,31,1
162,25,1.5,male,2,5,33,1
162,25,1.5,male,2,6,33,1
162,25,1.5,male,2,7,35,1
162,25,1.5,male,2,8,38,1
162,25,1.5,male,2,9,45,1
162,25,1.5,male,2,10,54,1
163,25,1.5,male,3,1,28,1
163,25,1.5,male,3,2,28,1
163,25,1.5,male,3,3,28,1
163,25,1.5,male,3,4,28,1
163,25,1.5,male,3,5,28,1
163,25,1.5,male,3,6,28,1
163,25,1.5,male,3,7,33,1
163,25,1.5,male,3,8,33,1
163,25,1.5,male,3,9,35,1
163,25,1.5,male,3,10,40,1
164,25,1.5,male,4,1,31,1
164,25,1.5,male,4,2,31,1
164,25,1.5,male,4,3,31,1
164,25,1.5,male,4,4,31,1
164,25,1.5,male,4,5,33,1
164,25,1.5,male,4,6,35,1
164,25,1.5,male,4,7,35,1
164,25,1.5,male,4,8,40,1
164,25,1.5,male,4,9,40,1
164,25,1.5,male,4,10,47,1
165,25,1.5,male,5,1,17,1
165,25,1.5,male,5,2,26,1
165,25,1.5,male,5,3,31,1
165,25,1.5,male,5,4,31,1
165,25,1.5,male,5,5,33,1
165,25,1.5,male,5,6,33,1
165,25,1.5,male,5,7,35,1
165,25,1.5,male,5,8,38,1
165,25,1.5,male,5,9,38,1
165,25,1.5,male,5,10,54,1
166,25,1.5,male,6,1,26,1
166,25,1.5,male,6,2,26,1
166,25,1.5,male,6,3,26,1
166,25,1.5,male,6,4,26,1
166,25,1.5,male,6,5,28,1
166,25,1.5,male,6,6,28,1
166,25,1.5,male,6,7,31,1
166,25,1.5,male,6,8,38,1
166,25,1.5,male,6,9,42,1
166,25,1.5,male,6,10,45,1
167,25,1.5,male,7,1,28,1
167,25,1.5,male,7,2,33,1
167,25,1.5,male,7,3,33,1
167,25,1.5,male,7,4,38,1
167,25,1.5,male,7,5,38,1
167,25,1.5,male,7,6,38,1
167,25,1.5,male,7,7,38,1
167,25,1.5,male,7,8,38,1
167,25,1.5,male,7,9,42,1
167,25,1.5,male,7,10,45,1
168,25,1.5,male,8,1,28,1
168,25,1.5,male,8,2,31,1
168,25,1.5,male,8,3,31,1
168,25,1.5,male,8,4,33,1
168,25,1.5,male,8,5,33,1
168,25,1.5,male,8,6,33,1
168,25,1.5,male,8,7,38,1
168,25,1.5,male,8,8,38,1
168,25,1.5,male,8,9,49,1
168,25,1.5,male,8,10,56,1
169,25,1.5,male,9,1,24,1
169,25,1.5,male,9,2,26,1
169,25,1.5,male,9,3,26,1
169,25,1.5,male,9,4,28,1
169,25,1.5,male,9,5,28,1
169,25,1.5,male,9,6,31,1
169,25,1.5,male,9,7,31,1
169,25,1.5,male,9,8,42,1
169,25,1.5,male,9,9,42,1
169,25,1.5,male,9,10,45,1
170,25,1.5,male,10,1,26,1
170,25,1.5,male,10,2,28,1
170,25,1.5,male,10,3,28,1
170,25,1.5,male,10,4,28,1
170,25,1.5,male,10,5,28,1
170,25,1.5,male,10,6,33,1
170,25,1.5,male,10,7,38,1
170,25,1.5,male,10,8,45,1
170,25,1.5,male,10,9,47,1
170,25,1.5,male,10,10,56,1
171,25,1.5,female,1,1,10,1
171,25,1.5,female,1,2,47,1
171,25,1.5,female,1,3,49,1
171,25,1.5,female,1,4,49,1
171,25,1.5,female,1,5,52,1
171,25,1.5,female,1,6,54,1
171,25,1.5,female,1,7,56,1
171,25,1.5,female,1,8,59,1
171,25,1.5,female,1,9,63,1
171,25,1.5,female,1,10,68,1
172,25,1.5,female,2,1,47,1
172,25,1.5,female,2,2,47,1
172,25,1.5,female,2,3,54,1
172,25,1.5,female,2,4,59,1
172,25,1.5,female,2,5,59,1
172,25,1.5,female,2,6,63,1
172,25,1.5,female,2,7,63,1
172,25,1.5,female,2,8,63,1
172,25,1.5,female,2,9,66,1
172,25,1.5,female,2,10,68,1
173,25,1.5,female,3,1,35,1
173,25,1.5,female,3,2,40,1
173,25,1.5,female,3,3,42,1
173,25,1.5,female,3,4,49,1
173,25,1.5,female,3,5,56,1
173,25,1.5,female,3,6,59,1
173,25,1.5,female,3,7,61,1
173,25,1.5,female,3,8,61,1
173,25,1.5,female,3,9,66,1
173,25,1.5,female,3,10,70,1
174,25,1.5,female,4,1,42,1
174,25,1.5,female,4,2,47,1
174,25,1.5,female,4,3,49,1
174,25,1.5,female,4,4,52,1
174,25,1.5,female,4,5,59,1
174,25,1.5,female,4,6,59,1
174,25,1.5,female,4,7,61,1
174,25,1.5,female,4,8,61,1
174,25,1.5,female,4,9,63,1
174,25,1.5,female,4,10,63,1
175,25,1.5,female,5,1,35,1
175,25,1.5,female,5,2,40,1
175,25,1.5,female,5,3,49,1
175,25,1.5,female,5,4,49,1
175,25,1.5,female,5,5,54,1
175,25,1.5,female,5,6,56,1
175,25,1.5,female,5,7,56,1
175,25,1.5,female,5,8,56,1
175,25,1.5,female,5,9,59,1
175,25,1.5,female,5,10,59,1
176,25,1.5,female,6,1,42,1
176,25,1.5,female,6,2,45,1
176,25,1.5,female,6,3,56,1
176,25,1.5,female,6,4,56,1
176,25,1.5,female,6,5,56,1
176,25,1.5,female,6,6,56,1
176,25,1.5,female,6,7,56,1
176,25,1.5,female,6,8,59,1
176,25,1.5,female,6,9,59,1
176,25,1.5,female,6,10,59,1
177,25,1.5,female,7,1,47,1
177,25,1.5,female,7,2,52,1
177,25,1.5,female,7,3,56,1
177,25,1.5,female,7,4,56,1
177,25,1.5,female,7,5,56,1
177,25,1.5,female,7,6,61,1
177,25,1.5,female,7,7,61,1
177,25,1.5,female,7,8,61,1
177,25,1.5,female,7,9,63,1
177,25,1.5,female,7,10,63,1
178,25,1.5,female,8,1,33,1
178,25,1.5,female,8,2,35,1
178,25,1.5,female,8,3,38,1
178,25,1.5,female,8,4,47,1
178,25,1.5,female,8,5,47,1
178,25,1.5,female,8,6,47,1
178,25,1.5,female,8,7,49,1
178,25,1.5,female,8,8,49,1
178,25,1.5,female,8,9,54,1
178,25,1.5,female,8,10,61,1
179,25,1.5,female,9,1,40,1
179,25,1.5,female,9,2,49,1
179,25,1.5,female,9,3,52,1
179,25,1.5,female,9,4,52,1
179,25,1.5,female,9,5,52,1
179,25,1.5,female,9,6,54,1
179,25,1.5,female,9,7,56,1
179,25,1.5,female,9,8,56,1
179,25,1.5,female,9,9,56,1
179,25,1.5,female,9,10,68,1
180,25,1.5,female,10,1,42,1
180,25,1.5,female,10,2,49,1
180,25,1.5,female,10,3,52,1
180,25,1.5,female,10,4,52,1
180,25,1.5,female,10,5,56,1
180,25,1.5,female,10,6,59,1
180,25,1.5,female,10,7,59,1
180,25,1.5,female,10,8,63,1
180,25,1.5,female,10,9,68,1
180,25,1.5,female,10,10,68,1
181,27,0.4,male,1,1,28,1
181,27,0.4,male,1,2,31,1
181,27,0.4,male,1,3,33,1
181,27,0.4,male,1,4,33,1
181,27,0.4,male,1,5,35,1
181,27,0.4,male,1,6,35,1
181,27,0.4,male,1,7,40,1
181,27,0.4,male,1,8,40,1
181,27,0.4,male,1,9,42,1
181,27,0.4,male,1,10,42,1
182,27,0.4,male,2,1,19,1
182,27,0.4,male,2,2,24,1
182,27,0.4,male,2,3,26,1
182,27,0.4,male,2,4,33,1
182,27,0.4,male,2,5,33,1
182,27,0.4,male,2,6,35,1
182,27,0.4,male,2,7,38,1
182,27,0.4,male,2,8,40,1
182,27,0.4,male,2,9,45,1
182,27,0.4,male,2,10,45,1
183,27,0.4,male,3,1,35,1
183,27,0.4,male,3,2,35,1
183,27,0.4,male,3,3,35,1
183,27,0.4,male,3,4,35,1
183,27,0.4,male,3,5,40,1
183,27,0.4,male,3,6,40,1
183,27,0.4,male,3,7,42,1
183,27,0.4,male,3,8,47,1
183,27,0.4,male,3,9,49,1
183,27,0.4,male,3,10,49,1
184,27,0.4,male,4,1,21,1
184,27,0.4,male,4,2,28,1
184,27,0.4,male,4,3,28,1
184,27,0.4,male,4,4,33,1
184,27,0.4,male,4,5,33,1
184,27,0.4,male,4,6,33,1
184,27,0.4,male,4,7,33,1
184,27,0.4,male,4,8,35,1
184,27,0.4,male,4,9,35,1
184,27,0.4,male,4,10,40,1
185,27,0.4,male,5,1,17,1
185,27,0.4,male,5,2,21,1
185,27,0.4,male,5,3,31,1
185,27,0.4,male,5,4,31,1
185,27,0.4,male,5,5,33,1
185,27,0.4,male,5,6,35,1
185,27,0.4,male,5,7,35,1
185,27,0.4,male,5,8,35,1
185,27,0.4,male,5,9,40,1
185,27,0.4,male,5,10,40,1
186,27,0.4,male,6,1,21,1
186,27,0.4,male,6,2,26,1
186,27,0.4,male,6,3,26,1
186,27,0.4,male,6,4,31,1
186,27,0.4,male,6,5,35,1
186,27,0.4,male,6,6,35,1
186,27,0.4,male,6,7,38,1
186,27,0.4,male,6,8,40,1
186,27,0.4,male,6,9,45,1
186,27,0.4,male,6,10,47,1
187,27,0.4,male,7,1,19,1
187,27,0.4,male,7,2,31,1
187,27,0.4,male,7,3,33,1
187,27,0.4,male,7,4,35,1
187,27,0.4,male,7,5,35,1
187,27,0.4,male,7,6,40,1
187,27,0.4,male,7,7,40,1
187,27,0.4,male,7,8,40,1
187,27,0.4,male,7,9,40,1
187,27,0.4,male,7,10,42,1
188,27,0.4,male,8,1,24,1
188,27,0.4,male,8,2,28,1
188,27,0.4,male,8,3,28,1
188,27,0.4,male,8,4,28,1
188,27,0.4,male,8,5,31,1
188,27,0.4,male,8,6,31,1
188,27,0.4,male,8,7,35,1
188,27,0.4,male,8,8,35,1
188,27,0.4,male,8,9,40,1
188,27,0.4,male,8,10,40,1
189,27,0.4,male,9,1,17,1
189,27,0.4,male,9,2,17,1
189,27,0.4,male,9,3,26,1
189,27,0.4,male,9,4,31,1
189,27,0.4,male,9,5,31,1
189,27,0.4,male,9,6,33,1
189,27,0.4,male,9,7,40,1
189,27,0.4,male,9,8,40,1
189,27,0.4,male,9,9,42,1
189,27,0.4,male,9,10,42,1
190,27,0.4,male,10,1,21,1
190,27,0.4,male,10,2,28,1
190,27,0.4,male,10,3,28,1
190,27,0.4,male,10,4,33,1
190,27,0.4,male,10,5,35,1
190,27,0.4,male,10,6,38,1
190,27,0.4,male,10,7,40,1
190,27,0.4,male,10,8,40,1
190,27,0.4,male,10,9,42,1
190,27,0.4,male,10,10,42,1
191,27,0.4,female,1,1,17,1
191,27,0.4,female,1,2,17,1
191,27,0.4,female,1,3,40,1
191,27,0.4,female,1,4,45,1
191,27,0.4,female,1,5,45,1
191,27,0.4,female,1,6,49,1
191,27,0.4,female,1,7,49,1
191,27,0.4,female,1,8,49,1
191,27,0.4,female,1,9,49,1
191,27,0.4,female,1,10,54,1
192,27,0.4,female,2,1,17,1
192,27,0.4,female,2,2,38,1
192,27,0.4,female,2,3,40,1
192,27,0.4,female,2,4,42,1
192,27,0.4,female,2,5,42,1
192,27,0.4,female,2,6,42,1
192,27,0.4,female,2,7,45,1
192,27,0.4,female,2,8,45,1
192,27,0.4,female,2,9,45,1
192,27,0.4,female,2,10,45,1
193,27,0.4,female,3,1,19,1
193,27,0.4,female,3,2,40,1
193,27,0.4,female,3,3,42,1
193,27,0.4,female,3,4,45,1
193,27,0.4,female,3,5,49,1
193,27,0.4,female,3,6,52,1
193,27,0.4,female,3,7,54,1
193,27,0.4,female,3,8,56,1
193,27,0.4,female,3,9,56,1
193,27,0.4,female,3,10,56,1
194,27,0.4,female,4,1,19,1
194,27,0.4,female,4,2,31,1
194,27,0.4,female,4,3,45,1
194,27,0.4,female,4,4,49,1
194,27,0.4,female,4,5,49,1
194,27,0.4,female,4,6,52,1
194,27,0.4,female,4,7,52,1
194,27,0.4,female,4,8,52,1
194,27,0.4,female,4,9,56,1
194,27,0.4,female,4,10,56,1
195,27,0.4,female,5,1,28,1
195,27,0.4,female,5,2,31,1
195,27,0.4,female,5,3,31,1
195,27,0.4,female,5,4,31,1
195,27,0.4,female,5,5,31,1
195,27,0.4,female,5,6,49,1
195,27,0.4,female,5,7,49,1
195,27,0.4,female,5,8,49,1
195,27,0.4,female,5,9,52,1
195,27,0.4,female,5,10,52,1
196,27,0.4,female,6,1,19,1
196,27,0.4,female,6,2,38,1
196,27,0.4,female,6,3,40,1
196,27,0.4,female,6,4,42,1
196,27,0.4,female,6,5,45,1
196,27,0.4,female,6,6,45,1
196,27,0.4,female,6,7,47,1
196,27,0.4,female,6,8,52,1
196,27,0.4,female,6,9,54,1
196,27,0.4,female,6,10,54,1
197,27,0.4,female,7,1,40,1
197,27,0.4,female,7,2,40,1
197,27,0.4,female,7,3,40,1
197,27,0.4,female,7,4,52,1
197,27,0.4,female,7,5,52,1
197,27,0.4,female,7,6,52,1
197,27,0.4,female,7,7,52,1
197,27,0.4,female,7,8,54,1
197,27,0.4,female,7,9,59,1
197,27,0.4,female,7,10,61,1
198,27,0.4,female,8,1,40,1
198,27,0.4,female,8,2,47,1
198,27,0.4,female,8,3,49,1
198,27,0.4,female,8,4,49,1
198,27,0.4,female,8,5,49,1
198,27,0.4,female,8,6,49,1
198,27,0.4,female,8,7,49,1
198,27,0.4,female,8,8,49,1
198,27,0.4,female,8,9,52,1
198,27,0.4,female,8,10,52,1
199,27,0.4,female,9,1,31,1
199,27,0.4,female,9,2,38,1
199,27,0.4,female,9,3,38,1
199,27,0.4,female,9,4,42,1
199,27,0.4,female,9,5,45,1
199,27,0.4,female,9,6,49,1
199,27,0.4,female,9,7,49,1
199,27,0.4,female,9,8,49,1
199,27,0.4,female,9,9,52,1
199,27,0.4,female,9,10,61,1
200,27,0.4,female,10,1,47,1
200,27,0.4,female,10,2,47,1
200,27,0.4,female,10,3,47,1
200,27,0.4,female,10,4,49,1
200,27,0.4,female,10,5,49,1
200,27,0.4,female,10,6,49,1
200,27,0.4,female,10,7,49,1
200,27,0.4,female,10,8,49,1
200,27,0.4,female,10,9,49,1
200,27,0.4,female,10,10,49,1
201,27,1,male,1,1,33,1
201,27,1,male,1,2,33,1
201,27,1,male,1,3,33,1
201,27,1,male,1,4,33,1
201,27,1,male,1,5,33,1
201,27,1,male,1,6,33,1
201,27,1,male,1,7,33,1
201,27,1,male,1,8,35,1
201,27,1,male,1,9,42,1
201,27,1,male,1,10,45,1
202,27,1,male,2,1,10,1
202,27,1,male,2,2,17,1
202,27,1,male,2,3,33,1
202,27,1,male,2,4,33,1
202,27,1,male,2,5,35,1
202,27,1,male,2,6,35,1
202,27,1,male,2,7,35,1
202,27,1,male,2,8,38,1
202,27,1,male,2,9,40,1
202,27,1,male,2,10,49,1
203,27,1,male,3,1,21,1
203,27,1,male,3,2,26,1
203,27,1,male,3,3,26,1
203,27,1,male,3,4,28,1
203,27,1,male,3,5,28,1
203,27,1,male,3,6,28,1
203,27,1,male,3,7,35,1
203,27,1,male,3,8,35,1
203,27,1,male,3,9,35,1
203,27,1,male,3,10,45,1
204,27,1,male,4,1,19,1
204,27,1,male,4,2,21,1
204,27,1,male,4,3,21,1
204,27,1,male,4,4,21,1
204,27,1,male,4,5,24,1
204,27,1,male,4,6,31,1
204,27,1,male,4,7,33,1
204,27,1,male,4,8,38,1
204,27,1,male,4,9,40,1
204,27,1,male,4,10,40,1
205,27,1,male,5,1,21,1
205,27,1,male,5,2,24,1
205,27,1,male,5,3,26,1
205,27,1,male,5,4,28,1
205,27,1,male,5,5,28,1
205,27,1,male,5,6,31,1
205,27,1,male,5,7,33,1
205,27,1,male,5,8,35,1
205,27,1,male,5,9,35,1
205,27,1,male,5,10,38,1
206,27,1,male,6,1,21,1
206,27,1,male,6,2,28,1
206,27,1,male,6,3,26,1
206,27,1,male,6,4,33,1
206,27,1,male,6,5,33,1
206,27,1,male,6,6,33,1
206,27,1,male,6,7,33,1
206,27,1,male,6,8,33,1
206,27,1,male,6,9,35,1
206,27,1,male,6,10,38,1
207,27,1,male,7,1,26,1
207,27,1,male,7,2,28,1
207,27,1,male,7,3,28,1
207,27,1,male,7,4,28,1
207,27,1,male,7,5,28,1
207,27,1,male,7,6,31,1
207,27,1,male,7,7,33,1
207,27,1,male,7,8,40,1
207,27,1,male,7,9,40,1
207,27,1,male,7,10,40,1
208,27,1,male,8,1,12,1
208,27,1,male,8,2,19,1
208,27,1,male,8,3,21,1
208,27,1,male,8,4,24,1
208,27,1,male,8,5,24,1
208,27,1,male,8,6,26,1
208,27,1,male,8,7,26,1
208,27,1,male,8,8,26,1
208,27,1,male,8,9,33,1
208,27,1,male,8,10,35,1
209,27,1,male,9,1,21,1
209,27,1,male,9,2,21,1
209,27,1,male,9,3,26,1
209,27,1,male,9,4,26,1
209,27,1,male,9,5,28,1
209,27,1,male,9,6,28,1
209,27,1,male,9,7,28,1
209,27,1,male,9,8,28,1
209,27,1,male,9,9,31,1
209,27,1,male,9,10,31,1
210,27,1,male,10,1,7,1
210,27,1,male,10,2,12,1
210,27,1,male,10,3,17,1
210,27,1,male,10,4,19,1
210,27,1,male,10,5,24,1
210,27,1,male,10,6,24,1
210,27,1,male,10,7,26,1
210,27,1,male,10,8,28,1
210,27,1,male,10,9,33,1
210,27,1,male,10,10,35,1
211,27,1,female,1,1,38,1
211,27,1,female,1,2,38,1
211,27,1,female,1,3,38,1
211,27,1,female,1,4,38,1
211,27,1,female,1,5,38,1
211,27,1,female,1,6,40,1
211,27,1,female,1,7,40,1
211,27,1,female,1,8,45,1
211,27,1,female,1,9,49,1
211,27,1,female,1,10,56,1
212,27,1,female,2,1,38,1
212,27,1,female,2,2,38,1
212,27,1,female,2,3,40,1
212,27,1,female,2,4,40,1
212,27,1,female,2,5,42,1
212,27,1,female,2,6,42,1
212,27,1,female,2,7,42,1
212,27,1,female,2,8,45,1
212,27,1,female,2,9,45,1
212,27,1,female,2,10,45,1
213,27,1,female,3,1,17,1
213,27,1,female,3,2,19,1
213,27,1,female,3,3,24,1
213,27,1,female,3,4,40,1
213,27,1,female,3,5,40,1
213,27,1,female,3,6,40,1
213,27,1,female,3,7,42,1
213,27,1,female,3,8,45,1
213,27,1,female,3,9,45,1
213,27,1,female,3,10,49,1
214,27,1,female,4,1,40,1
214,27,1,female,4,2,45,1
214,27,1,female,4,3,49,1
214,27,1,female,4,4,49,1
214,27,1,female,4,5,49,1
214,27,1,female,4,6,49,1
214,27,1,female,4,7,49,1
214,27,1,female,4,8,49,1
214,27,1,female,4,9,49,1
214,27,1,female,4,10,56,1
215,27,1,female,5,1,40,1
215,27,1,female,5,2,40,1
215,27,1,female,5,3,40,1
215,27,1,female,5,4,40,1
215,27,1,female,5,5,40,1
215,27,1,female,5,6,40,1
215,27,1,female,5,7,42,1
215,27,1,female,5,8,49,1
215,27,1,female,5,9,49,1
215,27,1,female,5,10,54,1
216,27,1,female,6,1,17,1
216,27,1,female,6,2,28,1
216,27,1,female,6,3,31,1
216,27,1,female,6,4,31,1
216,27,1,female,6,5,31,1
216,27,1,female,6,6,31,1
216,27,1,female,6,7,33,1
216,27,1,female,6,8,33,1
216,27,1,female,6,9,38,1
216,27,1,female,6,10,45,1
217,27,1,female,7,1,38,1
217,27,1,female,7,2,40,1
217,27,1,female,7,3,42,1
217,27,1,female,7,4,42,1
217,27,1,female,7,5,45,1
217,27,1,female,7,6,45,1
217,27,1,female,7,7,45,1
217,27,1,female,7,8,47,1
217,27,1,female,7,9,49,1
217,27,1,female,7,10,52,1
218,27,1,female,8,1,26,1
218,27,1,female,8,2,28,1
218,27,1,female,8,3,31,1
218,27,1,female,8,4,31,1
218,27,1,female,8,5,31,1
218,27,1,female,8,6,31,1
218,27,1,female,8,7,31,1
218,27,1,female,8,8,31,1
218,27,1,female,8,9,42,1
218,27,1,female,8,10,45,1
219,27,1,female,9,1,31,1
219,27,1,female,9,2,31,1
219,27,1,female,9,3,42,1
219,27,1,female,9,4,42,1
219,27,1,female,9,5,45,1
219,27,1,female,9,6,45,1
219,27,1,female,9,7,45,1
219,27,1,female,9,8,47,1
219,27,1,female,9,9,49,1
219,27,1,female,9,10,52,1
220,27,1,female,10,1,38,1
220,27,1,female,10,2,38,1
220,27,1,female,10,3,40,1
220,27,1,female,10,4,40,1
220,27,1,female,10,5,40,1
220,27,1,female,10,6,40,1
220,27,1,female,10,7,40,1
220,27,1,female,10,8,42,1
220,27,1,female,10,9,42,1
220,27,1,female,10,10,42,1
221,27,1.5,male,1,1,21,1
221,27,1.5,male,1,2,21,1
221,27,1.5,male,1,3,21,1
221,27,1.5,male,1,4,24,1
221,27,1.5,male,1,5,26,1
221,27,1.5,male,1,6,26,1
221,27,1.5,male,1,7,28,1
221,27,1.5,male,1,8,31,1
221,27,1.5,male,1,9,38,1
221,27,1.5,male,1,10,49,1
222,27,1.5,male,2,1,24,1
222,27,1.5,male,2,2,24,1
222,27,1.5,male,2,3,24,1
222,27,1.5,male,2,4,26,1
222,27,1.5,male,2,5,26,1
222,27,1.5,male,2,6,33,1
222,27,1.5,male,2,7,35,1
222,27,1.5,male,2,8,38,1
222,27,1.5,male,2,9,42,1
222,27,1.5,male,2,10,45,1
223,27,1.5,male,3,1,24,1
223,27,1.5,male,3,2,24,1
223,27,1.5,male,3,3,24,1
223,27,1.5,male,3,4,24,1
223,27,1.5,male,3,5,24,1
223,27,1.5,male,3,6,26,1
223,27,1.5,male,3,7,28,1
223,27,1.5,male,3,8,28,1
223,27,1.5,male,3,9,28,1
223,27,1.5,male,3,10,31,1
224,27,1.5,male,4,1,19,1
224,27,1.5,male,4,2,21,1
224,27,1.5,male,4,3,21,1
224,27,1.5,male,4,4,26,1
224,27,1.5,male,4,5,26,1
224,27,1.5,male,4,6,26,1
224,27,1.5,male,4,7,26,1
224,27,1.5,male,4,8,26,1
224,27,1.5,male,4,9,26,1
224,27,1.5,male,4,10,26,1
225,27,1.5,male,5,1,12,1
225,27,1.5,male,5,2,12,1
225,27,1.5,male,5,3,17,1
225,27,1.5,male,5,4,21,1
225,27,1.5,male,5,5,21,1
225,27,1.5,male,5,6,21,1
225,27,1.5,male,5,7,24,1
225,27,1.5,male,5,8,24,1
225,27,1.5,male,5,9,24,1
225,27,1.5,male,5,10,35,1
226,27,1.5,male,6,1,24,1
226,27,1.5,male,6,2,26,1
226,27,1.5,male,6,3,26,1
226,27,1.5,male,6,4,26,1
226,27,1.5,male,6,5,26,1
226,27,1.5,male,6,6,28,1
226,27,1.5,male,6,7,28,1
226,27,1.5,male,6,8,28,1
226,27,1.5,male,6,9,31,1
226,27,1.5,male,6,10,31,1
227,27,1.5,male,7,1,21,1
227,27,1.5,male,7,2,21,1
227,27,1.5,male,7,3,21,1
227,27,1.5,male,7,4,21,1
227,27,1.5,male,7,5,21,1
227,27,1.5,male,7,6,26,1
227,27,1.5,male,7,7,33,1
227,27,1.5,male,7,8,33,1
227,27,1.5,male,7,9,35,1
227,27,1.5,male,7,10,42,1
228,27,1.5,male,8,1,12,1
228,27,1.5,male,8,2,21,1
228,27,1.5,male,8,3,24,1
228,27,1.5,male,8,4,24,1
228,27,1.5,male,8,5,26,1
228,27,1.5,male,8,6,26,1
228,27,1.5,male,8,7,26,1
228,27,1.5,male,8,8,26,1
228,27,1.5,male,8,9,26,1
228,27,1.5,male,8,10,31,1
229,27,1.5,male,9,1,21,1
229,27,1.5,male,9,2,24,1
229,27,1.5,male,9,3,24,1
229,27,1.5,male,9,4,24,1
229,27,1.5,male,9,5,24,1
229,27,1.5,male,9,6,26,1
229,27,1.5,male,9,7,26,1
229,27,1.5,male,9,8,26,1
229,27,1.5,male,9,9,31,1
229,27,1.5,male,9,10,31,1
230,27,1.5,male,10,1,21,1
230,27,1.5,male,10,2,24,1
230,27,1.5,male,10,3,24,1
230,27,1.5,male,10,4,24,1
230,27,1.5,male,10,5,24,1
230,27,1.5,male,10,6,24,1
230,27,1.5,male,10,7,24,1
230,27,1.5,male,10,8,26,1
230,27,1.5,male,10,9,26,1
230,27,1.5,male,10,10,31,1
231,27,1.5,female,1,1,31,1
231,27,1.5,female,1,2,33,1
231,27,1.5,female,1,3,33,1
231,27,1.5,female,1,4,38,1
231,27,1.5,female,1,5,38,1
231,27,1.5,female,1,6,40,1
231,27,1.5,female,1,7,42,1
231,27,1.5,female,1,8,45,1
231,27,1.5,female,1,9,45,1
231,27,1.5,female,1,10,47,1
232,27,1.5,female,2,1,26,1
232,27,1.5,female,2,2,26,1
232,27,1.5,female,2,3,33,1
232,27,1.5,female,2,4,38,1
232,27,1.5,female,2,5,38,1
232,27,1.5,female,2,6,38,1
232,27,1.5,female,2,7,38,1
232,27,1.5,female,2,8,40,1
232,27,1.5,female,2,9,45,1
232,27,1.5,female,2,10,47,1
233,27,1.5,female,3,1,31,1
233,27,1.5,female,3,2,31,1
233,27,1.5,female,3,3,31,1
233,27,1.5,female,3,4,38,1
233,27,1.5,female,3,5,42,1
233,27,1.5,female,3,6,47,1
233,27,1.5,female,3,7,49,1
233,27,1.5,female,3,8,49,1
233,27,1.5,female,3,9,49,1
233,27,1.5,female,3,10,49,1
234,27,1.5,female,4,1,26,1
234,27,1.5,female,4,2,31,1
234,27,1.5,female,4,3,40,1
234,27,1.5,female,4,4,42,1
234,27,1.5,female,4,5,45,1
234,27,1.5,female,4,6,45,1
234,27,1.5,female,4,7,47,1
234,27,1.5,female,4,8,47,1
234,27,1.5,female,4,9,47,1
234,27,1.5,female,4,10,49,1
235,27,1.5,female,5,1,42,1
235,27,1.5,female,5,2,42,1
235,27,1.5,female,5,3,42,1
235,27,1.5,female,5,4,45,1
235,27,1.5,female,5,5,45,1
235,27,1.5,female,5,6,45,1
235,27,1.5,female,5,7,47,1
235,27,1.5,female,5,8,47,1
235,27,1.5,female,5,9,47,1
235,27,1.5,female,5,10,52,1
236,27,1.5,female,6,1,38,1
236,27,1.5,female,6,2,38,1
236,27,1.5,female,6,3,40,1
236,27,1.5,female,6,4,40,1
236,27,1.5,female,6,5,40,1
236,27,1.5,female,6,6,40,1
236,27,1.5,female,6,7,40,1
236,27,1.5,female,6,8,40,1
236,27,1.5,female,6,9,40,1
236,27,1.5,female,6,10,42,1
237,27,1.5,female,7,1,31,1
237,27,1.5,female,7,2,38,1
237,27,1.5,female,7,3,38,1
237,27,1.5,female,7,4,40,1
237,27,1.5,female,7,5,42,1
237,27,1.5,female,7,6,42,1
237,27,1.5,female,7,7,45,1
237,27,1.5,female,7,8,47,1
237,27,1.5,female,7,9,49,1
237,27,1.5,female,7,10,52,1
238,27,1.5,female,8,1,17,1
238,27,1.5,female,8,2,21,1
238,27,1.5,female,8,3,31,1
238,27,1.5,female,8,4,38,1
238,27,1.5,female,8,5,42,1
238,27,1.5,female,8,6,42,1
238,27,1.5,female,8,7,45,1
238,27,1.5,female,8,8,45,1
238,27,1.5,female,8,9,45,1
238,27,1.5,female,8,10,45,1
239,27,1.5,female,9,1,35,1
239,27,1.5,female,9,2,40,1
239,27,1.5,female,9,3,40,1
239,27,1.5,female,9,4,40,1
239,27,1.5,female,9,5,42,1
239,27,1.5,female,9,6,42,1
239,27,1.5,female,9,7,45,1
239,27,1.5,female,9,8,45,1
239,27,1.5,female,9,9,45,1
239,27,1.5,female,9,10,47,1
240,27,1.5,female,10,1,24,1
240,27,1.5,female,10,2,26,1
240,27,1.5,female,10,3,26,1
240,27,1.5,female,10,4,26,1
240,27,1.5,female,10,5,38,1
240,27,1.5,female,10,6,38,1
240,27,1.5,female,10,7,45,1
240,27,1.5,female,10,8,47,1
240,27,1.5,female,10,9,49,1
240,27,1.5,female,10,10,49,1
241,29,0.4,male,1,1,21,1
241,29,0.4,male,1,2,10,1
241,29,0.4,male,1,3,10,1
241,29,0.4,male,1,4,14,1
241,29,0.4,male,1,5,17,1
241,29,0.4,male,1,6,19,1
241,29,0.4,male,1,7,21,1
241,29,0.4,male,1,8,24,1
241,29,0.4,male,1,9,24,1
241,29,0.4,male,1,10,24,1
242,29,0.4,male,2,1,12,1
242,29,0.4,male,2,2,17,1
242,29,0.4,male,2,3,21,1
242,29,0.4,male,2,4,21,1
242,29,0.4,male,2,5,21,1
242,29,0.4,male,2,6,24,1
242,29,0.4,male,2,7,24,1
242,29,0.4,male,2,8,24,1
242,29,0.4,male,2,9,24,1
242,29,0.4,male,2,10,24,1
243,29,0.4,male,3,1,7,1
243,29,0.4,male,3,2,21,1
243,29,0.4,male,3,3,24,1
243,29,0.4,male,3,4,26,1
243,29,0.4,male,3,5,31,1
243,29,0.4,male,3,6,31,1
243,29,0.4,male,3,7,33,1
243,29,0.4,male,3,8,33,1
243,29,0.4,male,3,9,33,1
243,29,0.4,male,3,10,42,1
244,29,0.4,male,4,1,10,1
244,29,0.4,male,4,2,12,1
244,29,0.4,male,4,3,21,1
244,29,0.4,male,4,4,24,1
244,29,0.4,male,4,5,24,1
244,29,0.4,male,4,6,26,1
244,29,0.4,male,4,7,26,1
244,29,0.4,male,4,8,31,1
244,29,0.4,male,4,9,33,1
244,29,0.4,male,4,10,35,1
245,29,0.4,male,5,1,7,1
245,29,0.4,male,5,2,10,1
245,29,0.4,male,5,3,10,1
245,29,0.4,male,5,4,10,1
245,29,0.4,male,5,5,12,1
245,29,0.4,male,5,6,12,1
245,29,0.4,male,5,7,24,1
245,29,0.4,male,5,8,24,1
245,29,0.4,male,5,9,24,1
245,29,0.4,male,5,10,24,1
246,29,0.4,male,6,1,10,1
246,29,0.4,male,6,2,10,1
246,29,0.4,male,6,3,10,1
246,29,0.4,male,6,4,12,1
246,29,0.4,male,6,5,12,1
246,29,0.4,male,6,6,21,1
246,29,0.4,male,6,7,21,1
246,29,0.4,male,6,8,24,1
246,29,0.4,male,6,9,24,1
246,29,0.4,male,6,10,24,1
247,29,0.4,male,7,1,10,1
247,29,0.4,male,7,2,10,1
247,29,0.4,male,7,3,10,1
247,29,0.4,male,7,4,10,1
247,29,0.4,male,7,5,12,1
247,29,0.4,male,7,6,21,1
247,29,0.4,male,7,7,24,1
247,29,0.4,male,7,8,24,1
247,29,0.4,male,7,9,33,1
247,29,0.4,male,7,10,38,1
248,29,0.4,male,8,1,5,1
248,29,0.4,male,8,2,12,1
248,29,0.4,male,8,3,19,1
248,29,0.4,male,8,4,21,1
248,29,0.4,male,8,5,24,1
248,29,0.4,male,8,6,24,1
248,29,0.4,male,8,7,24,1
248,29,0.4,male,8,8,24,1
248,29,0.4,male,8,9,38,1
248,29,0.4,male,8,10,40,1
249,29,0.4,male,9,1,12,1
249,29,0.4,male,9,2,14,1
249,29,0.4,male,9,3,24,1
249,29,0.4,male,9,4,24,1
249,29,0.4,male,9,5,24,1
249,29,0.4,male,9,6,26,1
249,29,0.4,male,9,7,28,1
249,29,0.4,male,9,8,31,1
249,29,0.4,male,9,9,31,1
249,29,0.4,male,9,10,45,1
250,29,0.4,male,10,1,10,1
250,29,0.4,male,10,2,14,1
250,29,0.4,male,10,3,21,1
250,29,0.4,male,10,4,21,1
250,29,0.4,male,10,5,21,1
250,29,0.4,male,10,6,24,1
250,29,0.4,male,10,7,24,1
250,29,0.4,male,10,8,24,1
250,29,0.4,male,10,9,24,1
250,29,0.4,male,10,10,24,1
251,29,0.4,female,1,1,26,1
251,29,0.4,female,1,2,26,1
251,29,0.4,female,1,3,26,1
251,29,0.4,female,1,4,26,1
251,29,0.4,female,1,5,26,1
251,29,0.4,female,1,6,26,1
251,29,0.4,female,1,7,31,1
251,29,0.4,female,1,8,31,1
251,29,0.4,female,1,9,38,1
251,29,0.4,female,1,10,45,1
252,29,0.4,female,2,1,10,1
252,29,0.4,female,2,2,28,1
252,29,0.4,female,2,3,31,1
252,29,0.4,female,2,4,40,1
252,29,0.4,female,2,5,40,1
252,29,0.4,female,2,6,40,1
252,29,0.4,female,2,7,40,1
252,29,0.4,female,2,8,42,1
252,29,0.4,female,2,9,45,1
252,29,0.4,female,2,10,47,1
253,29,0.4,female,3,1,12,1
253,29,0.4,female,3,2,12,1
253,29,0.4,female,3,3,14,1
253,29,0.4,female,3,4,19,1
253,29,0.4,female,3,5,40,1
253,29,0.4,female,3,6,42,1
253,29,0.4,female,3,7,49,1
253,29,0.4,female,3,8,49,1
253,29,0.4,female,3,9,49,1
253,29,0.4,female,3,10,52,1
254,29,0.4,female,4,1,26,1
254,29,0.4,female,4,2,31,1
254,29,0.4,female,4,3,35,1
254,29,0.4,female,4,4,35,1
254,29,0.4,female,4,5,40,1
254,29,0.4,female,4,6,40,1
254,29,0.4,female,4,7,40,1
254,29,0.4,female,4,8,40,1
254,29,0.4,female,4,9,40,1
254,29,0.4,female,4,10,42,1
255,29,0.4,female,5,1,40,1
255,29,0.4,female,5,2,42,1
255,29,0.4,female,5,3,42,1
255,29,0.4,female,5,4,45,1
255,29,0.4,female,5,5,45,1
255,29,0.4,female,5,6,47,1
255,29,0.4,female,5,7,49,1
255,29,0.4,female,5,8,49,1
255,29,0.4,female,5,9,49,1
255,29,0.4,female,5,10,49,1
256,29,0.4,female,6,1,38,1
256,29,0.4,female,6,2,40,1
256,29,0.4,female,6,3,40,1
256,29,0.4,female,6,4,40,1
256,29,0.4,female,6,5,42,1
256,29,0.4,female,6,6,45,1
256,29,0.4,female,6,7,47,1
256,29,0.4,female,6,8,49,1
256,29,0.4,female,6,9,49,1
256,29,0.4,female,6,10,54,1
257,29,0.4,female,7,1,5,1
257,29,0.4,female,7,2,33,1
257,29,0.4,female,7,3,35,1
257,29,0.4,female,7,4,35,1
257,29,0.4,female,7,5,38,1
257,29,0.4,female,7,6,40,1
257,29,0.4,female,7,7,40,1
257,29,0.4,female,7,8,40,1
257,29,0.4,female,7,9,42,1
257,29,0.4,female,7,10,49,1
258,29,0.4,female,8,1,19,1
258,29,0.4,female,8,2,35,1
258,29,0.4,female,8,3,40,1
258,29,0.4,female,8,4,40,1
258,29,0.4,female,8,5,42,1
258,29,0.4,female,8,6,45,1
258,29,0.4,female,8,7,49,1
258,29,0.4,female,8,8,49,1
258,29,0.4,female,8,9,49,1
258,29,0.4,female,8,10,54,1
259,29,0.4,female,9,1,17,1
259,29,0.4,female,9,2,33,1
259,29,0.4,female,9,3,40,1
259,29,0.4,female,9,4,40,1
259,29,0.4,female,9,5,42,1
259,29,0.4,female,9,6,42,1
259,29,0.4,female,9,7,45,1
259,29,0.4,female,9,8,45,1
259,29,0.4,female,9,9,47,1
259,29,0.4,female,9,10,49,1
260,29,0.4,female,10,1,26,1
260,29,0.4,female,10,2,31,1
260,29,0.4,female,10,3,40,1
260,29,0.4,female,10,4,40,1
260,29,0.4,female,10,5,40,1
260,29,0.4,female,10,6,42,1
260,29,0.4,female,10,7,45,1
260,29,0.4,female,10,8,45,1
260,29,0.4,female,10,9,47,1
260,29,0.4,female,10,10,52,1
261,29,1,male,1,1,17,1
261,29,1,male,1,2,24,1
261,29,1,male,1,3,24,1
261,29,1,male,1,4,24,1
261,29,1,male,1,5,24,1
261,29,1,male,1,6,24,1
261,29,1,male,1,7,26,1
261,29,1,male,1,8,31,1
261,29,1,male,1,9,31,1
261,29,1,male,1,10,40,1
262,29,1,male,2,1,17,1
262,29,1,male,2,2,19,1
262,29,1,male,2,3,21,1
262,29,1,male,2,4,21,1
262,29,1,male,2,5,21,1
262,29,1,male,2,6,24,1
262,29,1,male,2,7,24,1
262,29,1,male,2,8,24,1
262,29,1,male,2,9,24,1
262,29,1,male,2,10,24,1
263,29,1,male,3,1,17,1
263,29,1,male,3,2,21,1
263,29,1,male,3,3,21,1
263,29,1,male,3,4,21,1
263,29,1,male,3,5,24,1
263,29,1,male,3,6,24,1
263,29,1,male,3,7,24,1
263,29,1,male,3,8,24,1
263,29,1,male,3,9,24,1
263,29,1,male,3,10,24,1
264,29,1,male,4,1,12,1
264,29,1,male,4,2,17,1
264,29,1,male,4,3,17,1
264,29,1,male,4,4,19,1
264,29,1,male,4,5,19,1
264,29,1,male,4,6,19,1
264,29,1,male,4,7,21,1
264,29,1,male,4,8,24,1
264,29,1,male,4,9,38,1
264,29,1,male,4,10,38,1
265,29,1,male,5,1,10,1
265,29,1,male,5,2,10,1
265,29,1,male,5,3,10,1
265,29,1,male,5,4,10,1
265,29,1,male,5,5,12,1
265,29,1,male,5,6,12,1
265,29,1,male,5,7,12,1
265,29,1,male,5,8,17,1
265,29,1,male,5,9,17,1
265,29,1,male,5,10,17,1
266,29,1,male,6,1,10,1
266,29,1,male,6,2,10,1
266,29,1,male,6,3,10,1
266,29,1,male,6,4,12,1
266,29,1,male,6,5,12,1
266,29,1,male,6,6,12,1
266,29,1,male,6,7,12,1
266,29,1,male,6,8,17,1
266,29,1,male,6,9,17,1
266,29,1,male,6,10,17,1
267,29,1,male,7,1,10,1
267,29,1,male,7,2,10,1
267,29,1,male,7,3,12,1
267,29,1,male,7,4,12,1
267,29,1,male,7,5,17,1
267,29,1,male,7,6,17,1
267,29,1,male,7,7,21,1
267,29,1,male,7,8,21,1
267,29,1,male,7,9,24,1
267,29,1,male,7,10,24,1
268,29,1,male,8,1,10,1
268,29,1,male,8,2,10,1
268,29,1,male,8,3,10,1
268,29,1,male,8,4,10,1
268,29,1,male,8,5,12,1
268,29,1,male,8,6,12,1
268,29,1,male,8,7,17,1
268,29,1,male,8,8,19,1
268,29,1,male,8,9,21,1
268,29,1,male,8,10,24,1
269,29,1,male,9,1,12,1
269,29,1,male,9,2,14,1
269,29,1,male,9,3,19,1
269,29,1,male,9,4,19,1
269,29,1,male,9,5,21,1
269,29,1,male,9,6,21,1
269,29,1,male,9,7,24,1
269,29,1,male,9,8,24,1
269,29,1,male,9,9,24,1
269,29,1,male,9,10,45,1
270,29,1,male,10,1,10,1
270,29,1,male,10,2,17,1
270,29,1,male,10,3,19,1
270,29,1,male,10,4,21,1
270,29,1,male,10,5,21,1
270,29,1,male,10,6,24,1
270,29,1,male,10,7,24,1
270,29,1,male,10,8,24,1
270,29,1,male,10,9,24,1
270,29,1,male,10,10,24,1
271,29,1,female,1,1,5,1
271,29,1,female,1,2,33,1
271,29,1,female,1,3,42,1
271,29,1,female,1,4,42,1
271,29,1,female,1,5,42,1
271,29,1,female,1,6,45,1
271,29,1,female,1,7,45,1
271,29,1,female,1,8,45,1
271,29,1,female,1,9,45,1
271,29,1,female,1,10,45,1
272,29,1,female,2,1,19,1
272,29,1,female,2,2,24,1
272,29,1,female,2,3,26,1
272,29,1,female,2,4,31,1
272,29,1,female,2,5,33,1
272,29,1,female,2,6,38,1
272,29,1,female,2,7,38,1
272,29,1,female,2,8,40,1
272,29,1,female,2,9,45,1
272,29,1,female,2,10,45,1
273,29,1,female,3,1,31,1
273,29,1,female,3,2,38,1
273,29,1,female,3,3,38,1
273,29,1,female,3,4,38,1
273,29,1,female,3,5,38,1
273,29,1,female,3,6,38,1
273,29,1,female,3,7,40,1
273,29,1,female,3,8,40,1
273,29,1,female,3,9,40,1
273,29,1,female,3,10,42,1
274,29,1,female,4,1,7,1
274,29,1,female,4,2,24,1
274,29,1,female,4,3,26,1
274,29,1,female,4,4,38,1
274,29,1,female,4,5,38,1
274,29,1,female,4,6,38,1
274,29,1,female,4,7,38,1
274,29,1,female,4,8,38,1
274,29,1,female,4,9,38,1
274,29,1,female,4,10,38,1
275,29,1,female,5,1,14,1
275,29,1,female,5,2,26,1
275,29,1,female,5,3,31,1
275,29,1,female,5,4,31,1
275,29,1,female,5,5,31,1
275,29,1,female,5,6,38,1
275,29,1,female,5,7,38,1
275,29,1,female,5,8,38,1
275,29,1,female,5,9,40,1
275,29,1,female,5,10,40,1
276,29,1,female,6,1,38,1
276,29,1,female,6,2,38,1
276,29,1,female,6,3,38,1
276,29,1,female,6,4,40,1
276,29,1,female,6,5,40,1
276,29,1,female,6,6,40,1
276,29,1,female,6,7,42,1
276,29,1,female,6,8,45,1
276,29,1,female,6,9,45,1
276,29,1,female,6,10,45,1
277,29,1,female,7,1,14,1
277,29,1,female,7,2,40,1
277,29,1,female,7,3,45,1
277,29,1,female,7,4,45,1
277,29,1,female,7,5,45,1
277,29,1,female,7,6,45,1
277,29,1,female,7,7,45,1
277,29,1,female,7,8,45,1
277,29,1,female,7,9,45,1
277,29,1,female,7,10,47,1
278,29,1,female,8,1,10,1
278,29,1,female,8,2,24,1
278,29,1,female,8,3,38,1
278,29,1,female,8,4,38,1
278,29,1,female,8,5,38,1
278,29,1,female,8,6,38,1
278,29,1,female,8,7,40,1
278,29,1,female,8,8,40,1
278,29,1,female,8,9,42,1
278,29,1,female,8,10,45,1
279,29,1,female,9,1,26,1
279,29,1,female,9,2,28,1
279,29,1,female,9,3,38,1
279,29,1,female,9,4,40,1
279,29,1,female,9,5,40,1
279,29,1,female,9,6,47,1
279,29,1,female,9,7,49,1
279,29,1,female,9,8,49,1
279,29,1,female,9,9,49,1
279,29,1,female,9,10,49,1
280,29,1,female,10,1,31,1
280,29,1,female,10,2,40,1
280,29,1,female,10,3,40,1
280,29,1,female,10,4,40,1
280,29,1,female,10,5,40,1
280,29,1,female,10,6,40,1
280,29,1,female,10,7,45,1
280,29,1,female,10,8,45,1
280,29,1,female,10,9,47,1
280,29,1,female,10,10,47,1
281,29,1.5,male,1,1,17,1
281,29,1.5,male,1,2,19,1
281,29,1.5,male,1,3,21,1
281,29,1.5,male,1,4,24,1
281,29,1.5,male,1,5,24,1
281,29,1.5,male,1,6,24,1
281,29,1.5,male,1,7,24,1
281,29,1.5,male,1,8,31,1
281,29,1.5,male,1,9,35,1
281,29,1.5,male,1,10,38,1
282,29,1.5,male,2,1,19,1
282,29,1.5,male,2,2,21,1
282,29,1.5,male,2,3,21,1
282,29,1.5,male,2,4,24,1
282,29,1.5,male,2,5,24,1
282,29,1.5,male,2,6,24,1
282,29,1.5,male,2,7,24,1
282,29,1.5,male,2,8,31,1
282,29,1.5,male,2,9,31,1
282,29,1.5,male,2,10,31,1
283,29,1.5,male,3,1,10,1
283,29,1.5,male,3,2,17,1
283,29,1.5,male,3,3,21,1
283,29,1.5,male,3,4,21,1
283,29,1.5,male,3,5,24,1
283,29,1.5,male,3,6,24,1
283,29,1.5,male,3,7,24,1
283,29,1.5,male,3,8,24,1
283,29,1.5,male,3,9,26,1
283,29,1.5,male,3,10,38,1
284,29,1.5,male,4,1,10,1
284,29,1.5,male,4,2,10,1
284,29,1.5,male,4,3,12,1
284,29,1.5,male,4,4,14,1
284,29,1.5,male,4,5,19,1
284,29,1.5,male,4,6,21,1
284,29,1.5,male,4,7,24,1
284,29,1.5,male,4,8,24,1
284,29,1.5,male,4,9,24,1
284,29,1.5,male,4,10,24,1
285,29,1.5,male,5,1,7,1
285,29,1.5,male,5,2,10,1
285,29,1.5,male,5,3,10,1
285,29,1.5,male,5,4,10,1
285,29,1.5,male,5,5,12,1
285,29,1.5,male,5,6,19,1
285,29,1.5,male,5,7,19,1
285,29,1.5,male,5,8,21,1
285,29,1.5,male,5,9,24,1
285,29,1.5,male,5,10,24,1
286,29,1.5,male,6,1,10,1
286,29,1.5,male,6,2,10,1
286,29,1.5,male,6,3,10,1
286,29,1.5,male,6,4,12,1
286,29,1.5,male,6,5,12,1
286,29,1.5,male,6,6,21,1
286,29,1.5,male,6,7,24,1
286,29,1.5,male,6,8,24,1
286,29,1.5,male,6,9,24,1
286,29,1.5,male,6,10,24,1
287,29,1.5,male,7,1,10,1
287,29,1.5,male,7,2,10,1
287,29,1.5,male,7,3,10,1
287,29,1.5,male,7,4,10,1
287,29,1.5,male,7,5,12,1
287,29,1.5,male,7,6,14,1
287,29,1.5,male,7,7,24,1
287,29,1.5,male,7,8,24,1
287,29,1.5,male,7,9,24,1
287,29,1.5,male,7,10,28,1
288,29,1.5,male,8,1,10,1
288,29,1.5,male,8,2,10,1
288,29,1.5,male,8,3,10,1
288,29,1.5,male,8,4,10,1
288,29,1.5,male,8,5,14,1
288,29,1.5,male,8,6,24,1
288,29,1.5,male,8,7,24,1
288,29,1.5,male,8,8,24,1
288,29,1.5,male,8,9,24,1
288,29,1.5,male,8,10,24,1
289,29,1.5,male,9,1,19,1
289,29,1.5,male,9,2,12,1
289,29,1.5,male,9,3,19,1
289,29,1.5,male,9,4,21,1
289,29,1.5,male,9,5,24,1
289,29,1.5,male,9,6,24,1
289,29,1.5,male,9,7,24,1
289,29,1.5,male,9,8,26,1
289,29,1.5,male,9,9,26,1
289,29,1.5,male,9,10,26,1
290,29,1.5,male,10,1,17,1
290,29,1.5,male,10,2,21,1
290,29,1.5,male,10,3,24,1
290,29,1.5,male,10,4,24,1
290,29,1.5,male,10,5,24,1
290,29,1.5,male,10,6,26,1
290,29,1.5,male,10,7,26,1
290,29,1.5,male,10,8,26,1
290,29,1.5,male,10,9,26,1
290,29,1.5,male,10,10,26,1
291,29,1.5,female,1,1,24,1
291,29,1.5,female,1,2,24,1
291,29,1.5,female,1,3,24,1
291,29,1.5,female,1,4,26,1
291,29,1.5,female,1,5,31,1
291,29,1.5,female,1,6,33,1
291,29,1.5,female,1,7,38,1
291,29,1.5,female,1,8,38,1
291,29,1.5,female,1,9,42,1
291,29,1.5,female,1,10,45,1
292,29,1.5,female,2,1,24,1
292,29,1.5,female,2,2,24,1
292,29,1.5,female,2,3,31,1
292,29,1.5,female,2,4,33,1
292,29,1.5,female,2,5,38,1
292,29,1.5,female,2,6,38,1
292,29,1.5,female,2,7,40,1
292,29,1.5,female,2,8,40,1
292,29,1.5,female,2,9,45,1
292,29,1.5,female,2,10,45,1
293,29,1.5,female,3,1,24,1
293,29,1.5,female,3,2,24,1
293,29,1.5,female,3,3,24,1
293,29,1.5,female,3,4,24,1
293,29,1.5,female,3,5,26,1
293,29,1.5,female,3,6,26,1
293,29,1.5,female,3,7,38,1
293,29,1.5,female,3,8,38,1
293,29,1.5,female,3,9,42,1
293,29,1.5,female,3,10,42,1
294,29,1.5,female,4,1,7,1
294,29,1.5,female,4,2,33,1
294,29,1.5,female,4,3,42,1
294,29,1.5,female,4,4,45,1
294,29,1.5,female,4,5,47,1
294,29,1.5,female,4,6,47,1
294,29,1.5,female,4,7,47,1
294,29,1.5,female,4,8,47,1
294,29,1.5,female,4,9,49,1
294,29,1.5,female,4,10,49,1
295,29,1.5,female,5,1,28,1
295,29,1.5,female,5,2,33,1
295,29,1.5,female,5,3,35,1
295,29,1.5,female,5,4,38,1
295,29,1.5,female,5,5,38,1
295,29,1.5,female,5,6,38,1
295,29,1.5,female,5,7,42,1
295,29,1.5,female,5,8,42,1
295,29,1.5,female,5,9,45,1
295,29,1.5,female,5,10,45,1
296,29,1.5,female,6,1,17,1
296,29,1.5,female,6,2,24,1
296,29,1.5,female,6,3,24,1
296,29,1.5,female,6,4,26,1
296,29,1.5,female,6,5,31,1
296,29,1.5,female,6,6,35,1
296,29,1.5,female,6,7,38,1
296,29,1.5,female,6,8,38,1
296,29,1.5,female,6,9,38,1
296,29,1.5,female,6,10,40,1
297,29,1.5,female,7,1,24,1
297,29,1.5,female,7,2,26,1
297,29,1.5,female,7,3,26,1
297,29,1.5,female,7,4,31,1
297,29,1.5,female,7,5,33,1
297,29,1.5,female,7,6,35,1
297,29,1.5,female,7,7,38,1
297,29,1.5,female,7,8,38,1
297,29,1.5,female,7,9,38,1
297,29,1.5,female,7,10,38,1
298,29,1.5,female,8,1,17,1
298,29,1.5,female,8,2,21,1
298,29,1.5,female,8,3,24,1
298,29,1.5,female,8,4,24,1
298,29,1.5,female,8,5,24,1
298,29,1.5,female,8,6,26,1
298,29,1.5,female,8,7,26,1
298,29,1.5,female,8,8,31,1
298,29,1.5,female,8,9,35,1
298,29,1.5,female,8,10,38,1
299,29,1.5,female,9,1,24,1
299,29,1.5,female,9,2,24,1
299,29,1.5,female,9,3,24,1
299,29,1.5,female,9,4,24,1
299,29,1.5,female,9,5,26,1
299,29,1.5,female,9,6,28,1
299,29,1.5,female,9,7,31,1
299,29,1.5,female,9,8,31,1
299,29,1.5,female,9,9,38,1
299,29,1.5,female,9,10,47,1
300,29,1.5,female,10,1,31,1
300,29,1.5,female,10,2,33,1
300,29,1.5,female,10,3,35,1
300,29,1.5,female,10,4,42,1
300,29,1.5,female,10,5,42,1
300,29,1.5,female,10,6,45,1
300,29,1.5,female,10,7,45,1
300,29,1.5,female,10,8,45,1
300,29,1.5,female,10,9,45,1
300,29,1.5,female,10,10,47,1
